months_as_customer,age,policy_number,policy_bind_date,policy_state,policy_csl,policy_deductable,policy_annual_premium,umbrella_limit,insured_zip,insured_sex,insured_education_level,insured_occupation,insured_hobbies,insured_relationship,capital-gains,capital-loss,incident_date,incident_type,collision_type,incident_severity,authorities_contacted,incident_state,incident_city,incident_location,incident_hour_of_the_day,number_of_vehicles_involved,property_damage,bodily_injuries,witnesses,police_report_available,total_claim_amount,injury_claim,property_claim,vehicle_claim,auto_make,auto_model,auto_year,fraud_reported
328,48,521585,9029,2,1,1000,1406.91,0,466132,1,4,2,17,0,53300,0,24,2,3,0,3,4,1,654,5,1,2,1,2,1,71610,6510,13020,52080,10,1,2004,1
134,29,687698,3875,2,0,2000,1413.14,5000000,430632,0,6,11,2,3,35100,0,52,0,2,1,3,1,1,447,7,3,1,2,3,0,34650,7700,3850,23100,4,30,2007,0
256,41,227811,118,0,1,2000,1415.74,6000000,608117,0,6,1,2,4,48900,-62400,9,2,1,0,3,2,0,441,5,1,0,1,2,0,63400,6340,6340,50720,3,34,2014,1
228,44,367455,8896,0,2,1000,1583.91,6000000,610706,1,0,11,2,4,66000,-46000,47,3,0,1,3,1,0,138,20,1,1,0,1,0,6500,1300,650,4550,0,31,2009,0
256,39,104594,6102,2,1,1000,1351.1,0,478456,0,6,12,3,4,0,0,1,0,2,0,1,4,0,579,19,3,1,0,2,0,64100,6410,6410,51280,10,3,2003,1
165,37,429027,7,0,0,1000,1137.03,0,603195,1,0,12,0,4,0,0,57,0,1,2,3,5,1,181,23,3,0,2,2,1,51590,9380,9380,32830,1,5,2015,0
27,33,485665,2566,0,0,500,1442.99,0,601734,0,6,7,9,3,0,0,29,2,1,2,3,6,0,276,21,1,1,1,1,1,27700,2770,2770,22160,12,9,2012,0
447,61,214618,3409,2,0,2000,1137.16,0,615561,0,2,3,16,2,0,-51000,45,0,1,0,1,4,6,358,21,3,2,1,2,1,114920,17680,17680,79560,1,4,2006,0
60,23,842643,2854,2,2,500,1215.36,3000000,432220,1,4,10,15,5,0,0,21,2,2,2,0,4,3,416,9,1,2,1,0,0,56520,4710,9420,42390,10,3,2000,0
121,34,626808,8308,2,0,1000,936.61,0,464652,0,4,1,3,5,52800,-32800,7,1,0,1,3,4,6,410,5,1,1,1,1,0,7280,1120,1120,5040,12,18,2010,0
180,38,644081,3257,2,1,2000,1301.13,0,476685,0,1,6,2,1,41300,-55500,14,2,2,2,3,4,6,435,12,1,1,0,2,1,46200,4200,8400,33600,4,27,2003,1
473,58,892874,996,1,0,2000,1131.4,0,458733,0,4,13,12,2,55700,0,28,0,3,0,2,6,2,622,12,4,2,0,0,0,63120,10520,10520,42080,0,23,1999,1
70,26,558938,5611,2,2,1000,1199.44,5000000,619884,1,1,6,10,3,63600,0,52,0,2,0,2,1,5,298,0,3,0,1,2,1,52110,5790,5790,40530,9,26,2012,0
140,31,275265,5406,1,2,500,708.64,6000000,470610,1,2,6,15,4,53500,0,5,2,3,2,3,6,3,254,9,1,1,0,2,1,77880,14160,7080,56640,11,21,2015,0
160,37,921202,9101,2,2,500,1374.22,0,472135,0,4,2,19,2,45500,-37800,18,2,3,2,2,1,4,211,19,1,2,1,0,0,72930,6630,13260,53040,0,33,2015,0
196,39,143972,918,1,2,2000,1475.73,0,477670,0,2,5,4,3,57000,-27300,52,0,3,0,3,5,1,529,8,3,0,2,0,0,60400,6040,6040,48320,9,29,2014,0
370,55,285496,1581,0,0,2000,972.18,0,443920,1,2,9,13,2,72700,-68200,10,0,2,0,0,4,2,105,20,3,1,0,0,1,71520,17880,5960,47680,11,15,2000,1
237,40,736882,2197,1,0,1000,883.31,0,434733,1,1,2,11,0,0,-53500,54,2,2,1,2,5,5,103,6,1,1,1,3,0,77880,7080,14160,56640,5,13,2005,0
8,35,699044,8713,2,0,2000,1266.92,0,613982,1,5,11,14,3,0,0,8,0,2,0,2,2,0,171,16,3,1,1,3,1,71500,16500,11000,44000,5,13,2006,1
257,43,863236,236,1,0,2000,1322.1,0,436984,1,2,9,9,3,0,-29200,27,1,0,1,3,3,0,106,4,1,2,1,3,1,9020,1640,820,6560,12,9,2005,0
224,40,914088,12,2,0,2000,1291.7,0,609837,0,3,11,11,1,0,-55600,7,2,3,1,2,4,3,156,21,1,1,1,0,1,69840,7760,15520,46560,4,27,2009,0
241,45,596785,8802,0,2,2000,1104.5,0,432211,0,6,6,1,4,0,0,45,2,2,1,3,4,4,78,5,1,1,2,2,0,91650,14100,14100,63450,0,33,2011,0
155,35,336614,4934,0,2,1000,1088.34,0,614780,0,0,0,19,2,81100,0,54,0,1,2,3,1,0,364,16,3,2,2,3,0,29790,3310,3310,23170,2,0,2008,0
149,37,990493,351,0,2,500,1415.68,0,603381,1,6,9,19,3,0,0,42,2,3,2,1,6,2,182,17,1,2,0,1,1,64800,10800,5400,48600,1,4,1999,0
147,33,129872,7498,2,0,1000,1334.15,6000000,479224,1,2,2,15,1,53300,-49200,23,2,1,0,2,6,6,147,15,1,2,2,0,1,53100,10620,5310,37170,8,7,1995,1
62,28,200152,4789,0,0,1000,988.45,0,430141,0,5,10,4,4,0,0,8,2,2,2,3,1,4,288,3,1,0,1,1,1,60200,6020,6020,48160,11,15,2004,1
289,49,933293,1103,0,2,2000,1222.48,0,620757,0,3,8,9,4,0,0,17,1,0,1,3,6,0,419,16,1,1,1,1,1,5330,1230,820,3280,11,21,2001,0
199,37,982871,2738,1,1,500,1262.08,0,474615,1,3,12,18,5,48500,0,7,2,1,0,0,0,1,173,4,1,0,0,3,0,60170,10940,10940,38290,9,29,2011,1
37,23,448961,5937,0,2,500,1475.93,0,441648,0,1,9,10,0,0,-67400,15,0,3,1,2,4,6,157,17,3,2,1,0,0,51660,5740,5740,40180,4,30,2010,0
106,30,790442,4824,2,1,500,538.17,0,433782,0,6,13,15,3,49700,-60200,40,2,2,2,2,0,0,418,23,1,1,2,2,0,51120,5680,5680,39760,8,12,2005,0
355,47,939631,50,2,2,2000,1273.7,4000000,433473,1,1,7,11,0,0,0,9,0,1,0,1,6,0,572,19,3,1,2,1,0,62800,6280,6280,50240,1,4,2003,1
175,34,866931,6554,1,2,1000,1123.87,8000000,446326,0,6,10,7,2,0,0,56,3,0,3,3,1,0,413,5,1,0,2,0,1,7290,810,810,5670,13,28,1995,0
430,59,691189,5096,2,1,2000,1326.62,7000000,477310,1,4,7,3,3,0,0,2,0,1,1,1,1,5,299,19,3,0,0,3,1,81800,16360,8180,57260,9,29,1998,0
217,39,394975,4509,1,0,1000,1530.52,0,603993,1,1,1,1,1,0,0,52,3,0,1,3,6,3,110,8,1,0,2,1,1,4300,430,430,3440,12,11,2000,0
195,39,282195,8968,2,1,1000,1393.57,0,478423,1,6,6,12,1,47600,-39600,57,1,0,1,3,5,3,349,5,1,1,0,1,1,2640,480,480,1680,5,14,2009,0
22,26,420810,6405,2,0,1000,1276.57,0,467784,1,6,2,16,1,71500,0,5,2,2,1,1,1,0,424,3,1,2,1,2,0,78900,15780,7890,55230,3,32,1995,0
94,32,307195,2090,1,2,1000,1414.74,0,464691,0,5,0,10,3,0,0,52,1,0,1,3,5,5,316,19,1,1,1,3,0,2400,300,300,1800,3,32,2014,0
11,39,623648,1208,0,1,2000,1470.06,0,431683,1,6,7,19,0,56600,-45800,6,2,1,2,0,6,5,237,22,1,2,0,1,0,65790,7310,7310,51170,10,2,2007,0
151,36,485372,5509,2,1,2000,870.63,0,431725,0,4,0,11,3,94800,-58500,5,0,3,1,3,5,2,91,12,3,1,1,1,0,62920,11440,5720,45760,5,13,2000,0
245,44,303987,1342,0,2,1000,1168.2,0,452787,1,3,5,1,0,69100,0,41,0,3,2,2,2,6,471,23,3,1,0,3,0,44280,7380,3690,33210,6,6,1997,0
119,32,343161,8900,0,2,1000,993.51,0,468767,1,2,1,3,4,0,-49500,11,2,3,1,2,6,2,185,12,1,1,0,3,1,56300,5630,11260,39410,2,22,2011,0
215,42,519312,6849,2,2,500,1848.81,0,435489,1,3,13,18,3,0,-49000,36,0,1,0,1,6,3,99,20,3,2,2,2,1,68520,11420,5710,51390,11,21,2003,1
295,42,132902,6296,2,1,2000,1641.73,5000000,450149,1,6,11,5,1,62400,0,19,0,2,2,1,5,5,15,16,3,1,0,0,0,59130,6570,6570,45990,5,13,2006,1
254,39,332867,1416,1,0,500,1362.87,0,458364,0,4,3,5,2,35700,0,52,0,1,1,0,1,0,11,6,3,2,2,2,0,82320,13720,6860,61740,4,27,1995,1
107,31,356590,7872,1,1,500,1239.22,7000000,476458,0,2,12,13,1,43400,-91200,29,2,3,1,1,4,6,598,12,1,2,0,1,0,89700,13800,13800,62100,1,5,2009,1
478,64,346002,205,2,1,500,835.02,0,602433,0,0,0,15,4,59600,0,32,0,3,1,1,6,2,548,17,3,1,1,1,0,33930,0,3770,30160,2,38,1998,0
128,30,500533,1476,2,0,1000,1061.33,0,478575,1,4,6,12,3,43300,-66200,9,2,1,0,0,6,4,345,8,1,1,0,3,0,68530,12460,6230,49840,1,5,1997,0
222,41,260845,3210,2,0,2000,1055.53,0,441992,0,4,1,6,1,37800,-50300,38,2,1,2,2,6,4,431,7,1,1,0,2,0,61290,6810,6810,47670,6,10,1995,1
199,41,657045,2137,2,1,1000,895.83,0,452597,0,0,11,13,0,0,0,41,2,2,1,0,0,0,92,10,1,1,1,2,0,30100,3010,0,27090,3,25,1999,0
215,37,761189,4718,1,0,500,1632.93,0,614417,0,1,13,9,1,0,-42900,53,0,2,1,1,4,5,517,7,3,1,2,0,1,57120,9520,4760,42840,8,7,2002,0
192,40,175177,5192,0,0,1000,1405.99,0,472895,0,0,11,19,5,0,0,59,0,3,1,0,5,6,271,18,3,2,1,0,1,42930,9540,4770,28620,2,38,2005,0
120,35,116700,4024,2,0,1000,1425.54,0,475847,0,2,13,3,2,78300,0,14,0,1,2,0,4,5,293,22,3,1,2,0,0,51210,11380,5690,34140,5,16,2010,0
270,45,166264,7290,2,2,1000,1038.09,0,476978,0,1,5,9,0,0,-19700,13,0,1,1,1,1,6,76,18,3,1,1,1,1,89400,14900,7450,67050,11,21,1998,0
194,39,627540,7419,2,2,1000,1489.24,6000000,608335,0,3,7,11,5,0,-45000,23,3,0,1,3,4,6,513,15,1,2,2,2,1,8060,1240,1240,5580,10,3,2004,0
137,31,484200,1719,2,1,2000,1340.43,0,441175,1,2,3,13,0,52700,-40600,49,0,3,1,0,0,0,142,6,3,1,1,2,0,50800,10160,10160,30480,0,23,2005,0
78,29,694662,7689,0,1,1000,1234.2,6000000,457767,1,5,7,3,2,0,0,28,3,0,1,3,1,4,300,3,1,2,2,2,0,7500,750,1500,5250,9,26,2002,0
200,35,960680,1667,1,1,2000,1318.06,0,618498,1,2,3,18,5,57300,-80600,18,3,0,3,3,5,2,93,13,1,1,0,3,1,6490,1180,1180,4130,13,20,2002,0
284,48,498140,2665,1,2,2000,769.95,0,605486,1,5,9,12,1,0,-44200,18,0,3,0,0,1,2,0,16,2,0,2,3,0,60940,5540,11080,44320,1,4,2013,1
134,32,614763,340,0,2,500,1612.43,0,456762,0,4,7,19,3,36400,0,7,2,3,2,1,5,6,77,2,1,0,2,1,1,64240,11680,11680,40880,2,0,2015,0
31,36,679370,3487,0,2,2000,1318.24,9000000,601748,0,1,9,11,1,0,-78600,29,1,0,3,3,6,0,327,9,1,1,0,1,1,4700,940,470,3290,4,27,2002,0
207,42,918629,3902,0,1,2000,1322.78,0,453277,1,6,4,19,3,55200,0,58,1,0,3,3,6,6,307,9,1,1,0,1,0,5900,590,590,4720,2,37,2007,0
271,42,307447,49,0,0,500,1515.3,0,603248,0,2,6,10,1,0,0,18,0,2,2,0,4,3,636,21,3,1,1,0,0,93720,17040,8520,68160,8,24,2005,0
80,25,992145,8069,0,0,2000,1075.18,5000000,601112,0,6,1,8,0,67700,-58400,51,3,0,1,3,2,4,163,5,1,1,2,0,1,6930,1260,630,5040,12,18,2001,0
325,47,900628,5853,1,2,1000,1690.27,0,438830,0,0,10,10,1,61500,0,13,2,3,0,1,5,6,407,11,1,2,0,3,0,72930,6630,6630,59670,4,30,2006,1
29,25,235220,9044,0,1,2000,1352.83,0,464959,1,5,4,16,3,0,-71700,21,0,2,1,2,4,2,44,4,4,2,1,2,1,64890,7210,7210,50470,9,29,2013,1
295,48,740019,7081,2,1,1000,1148.73,0,439787,0,1,6,11,5,0,0,52,1,0,3,3,6,1,224,6,1,0,1,2,1,5400,900,900,3600,10,3,1999,0
80,27,193442,2382,0,0,1000,1474.17,0,440327,0,1,12,8,4,0,0,49,2,3,0,3,6,3,501,13,1,2,1,0,1,52800,10560,5280,36960,10,3,2004,0
279,41,389238,4148,0,1,500,1497.35,0,460742,0,3,9,3,0,37300,-31700,28,0,1,1,1,0,4,83,16,3,0,2,3,0,28800,0,3600,25200,5,16,2013,0
165,33,760179,6266,2,0,1000,1427.14,0,446895,0,0,12,11,2,35300,-58100,45,1,0,1,3,6,3,1,3,1,1,1,1,0,2970,330,330,2310,12,18,2008,0
295,49,872814,868,0,0,500,1141.62,0,451672,1,1,9,11,0,34300,-24300,0,3,0,1,3,6,1,527,4,1,2,1,3,1,4320,480,480,3360,8,12,2002,0
464,61,632627,253,2,2,1000,1125.37,0,604450,0,0,9,1,0,0,-56400,12,0,2,0,3,5,3,274,6,3,0,0,2,1,79800,6650,19950,53200,10,3,2000,1
87,31,853360,7090,1,2,1000,1074.07,0,451312,0,5,11,5,0,0,-47500,26,0,2,0,1,1,6,139,16,3,1,0,3,1,60940,5540,11080,44320,9,35,2006,1
261,42,776860,6924,2,1,500,1337.56,0,605141,0,1,9,18,4,0,0,11,2,2,1,3,4,5,304,18,1,0,1,2,1,74700,7470,14940,52290,4,30,2010,0
210,41,395269,8315,0,2,500,1222.75,0,432781,1,2,3,14,2,0,-41000,29,0,2,2,2,6,1,26,12,3,0,2,0,0,81070,14740,14740,51590,2,37,2001,0
390,51,143626,3532,2,1,2000,1124.38,0,618316,1,0,1,15,2,0,0,54,3,0,1,3,5,4,256,9,1,2,1,1,1,7080,1180,1180,4720,5,14,2001,0
107,31,154982,382,0,2,2000,1374.22,0,470603,0,6,6,3,2,62000,-63100,56,2,2,1,3,4,2,530,16,1,1,0,3,0,51260,9320,9320,32620,11,21,2002,0
225,41,330591,1286,2,2,2000,1103.58,0,475292,1,2,3,8,4,41200,-36200,18,0,3,0,3,1,3,209,20,3,0,2,2,0,70400,6400,12800,51200,12,18,2011,1
164,38,319232,2834,0,1,2000,1269.76,0,467743,0,6,13,19,1,44300,0,16,2,2,1,1,1,2,258,4,1,1,1,3,1,90000,18000,9000,63000,5,16,2015,0
206,36,253791,7117,0,2,500,1625.45,4000000,607452,0,4,7,18,2,0,-53700,22,2,1,0,0,1,4,79,11,1,1,2,1,0,76560,12760,12760,51040,5,16,2008,1
203,38,155724,2946,0,1,500,1394.43,0,606352,0,5,7,16,1,0,0,30,2,1,0,0,5,1,297,7,1,0,0,1,1,55440,0,6160,49280,9,26,1999,1
22,25,824540,6620,2,1,2000,1053.24,0,603527,0,1,9,12,2,51100,0,4,0,1,2,2,0,0,482,0,4,2,1,0,0,77130,8570,17140,51420,0,23,1995,0
206,39,965768,8947,1,1,1000,1302.4,6000000,603948,1,3,2,7,4,47200,-69700,47,0,2,2,0,1,2,39,12,3,1,2,3,1,36300,3300,9900,23100,5,13,2013,0
274,43,517240,4124,2,0,2000,1352.31,0,465263,1,1,4,1,5,40700,-47300,36,2,1,0,1,1,3,580,22,1,2,0,3,1,63840,10640,10640,42560,2,37,2006,1
280,45,718428,7839,1,1,1000,1397.67,0,607889,1,3,6,4,5,57900,0,21,0,1,1,2,1,0,587,0,3,2,1,2,0,84720,14120,14120,56480,5,13,1999,0
194,39,620215,5660,1,1,500,823.17,0,455689,1,5,0,13,3,0,0,53,0,1,0,2,6,1,5,3,3,0,2,2,0,61500,6150,12300,43050,4,30,2012,0
24,33,649082,2183,0,2,1000,1922.84,0,431277,0,2,6,16,5,0,-45200,23,2,3,2,3,6,3,295,0,1,0,2,1,0,46800,4680,9360,32760,7,36,2002,0
200,40,932502,7409,0,0,1000,1439.34,0,444822,0,2,11,8,2,45300,-20400,0,3,0,1,3,5,5,108,9,1,0,0,0,0,3690,410,410,2870,5,13,2015,0
325,46,935277,8564,0,2,500,1348.83,0,474360,0,2,9,1,5,46300,-77500,31,0,2,1,1,0,6,610,21,3,0,1,2,1,76120,13840,6920,55360,12,9,1999,0
124,32,756054,861,0,1,1000,1198.15,0,447925,0,4,7,10,1,0,-43200,51,0,1,2,2,5,6,525,19,3,1,0,2,1,73560,12260,12260,49040,2,37,1995,0
122,34,139872,5969,1,1,1000,1220.71,0,603639,1,6,6,18,3,58600,-28700,57,1,0,1,3,4,3,590,5,1,0,2,1,1,8190,1890,1260,5040,3,32,2013,0
106,31,165485,2938,0,2,2000,1320.75,0,441491,0,3,4,18,5,54100,0,31,0,2,2,3,6,6,381,20,3,0,0,3,1,45630,5070,5070,35490,0,23,2011,0
214,41,795686,5384,0,2,500,1398.51,4000000,472214,1,5,12,14,1,0,-57100,31,0,3,0,1,0,3,266,13,3,0,2,0,0,64000,12800,6400,44800,2,38,1996,1
193,41,217938,1996,2,1,500,847.03,0,438555,0,3,2,16,1,0,0,38,2,3,0,2,4,6,317,1,1,0,1,0,1,112320,17280,17280,77760,11,19,2011,1
104,32,904191,2725,1,1,500,1158.03,0,434247,1,2,3,11,3,31900,-44600,7,0,2,2,3,1,5,486,23,3,2,1,3,1,63570,9780,9780,44010,13,20,2006,1
375,50,120485,6231,2,0,1000,1275.39,0,466283,1,0,11,3,2,0,0,42,2,1,0,3,1,5,532,16,1,2,2,3,0,37280,0,0,37280,1,5,1996,1
461,61,781181,5630,2,0,2000,1402.75,0,449557,1,3,3,8,0,0,0,48,0,2,1,3,1,1,236,10,3,0,2,1,1,72100,7210,14420,50470,7,36,2006,0
428,59,299796,3532,1,1,500,1344.36,7000000,473329,0,3,9,10,2,0,0,36,1,0,1,3,6,3,387,8,1,0,2,3,0,6500,1300,650,4550,10,1,2013,0
295,48,678849,756,2,2,1000,1332.07,0,609409,0,4,3,14,4,49700,-59100,27,0,3,2,0,1,2,51,20,2,1,2,1,1,86060,13240,13240,59580,13,28,2002,0
112,30,346940,4612,2,2,1000,1166.54,0,479852,0,5,9,17,1,47700,-59300,20,2,1,0,1,4,0,605,3,1,2,2,0,0,107900,10790,21580,75530,4,27,1997,1
122,34,985436,4942,0,1,500,1495.06,0,452249,0,5,9,14,4,38100,-31400,6,0,2,2,1,3,1,115,18,3,1,2,0,1,99990,18180,18180,63630,8,12,2011,0
108,29,237418,6520,1,2,1000,1337.92,0,441536,0,6,1,3,1,71400,0,53,0,3,1,0,6,1,494,4,3,1,2,2,1,61380,11160,5580,44640,11,21,2012,0
14,28,335780,4559,2,1,2000,1587.96,0,601617,0,0,2,2,4,0,-26900,44,2,2,0,1,6,5,582,18,1,0,2,1,1,71280,12960,12960,45360,1,5,2012,1
298,45,491392,888,0,2,1000,1362.29,0,442598,1,2,4,19,4,0,-51100,57,0,1,1,0,1,3,279,18,3,1,0,0,0,64000,12800,6400,44800,10,3,1999,0
276,46,140880,5540,0,1,500,1448.84,0,430987,0,5,6,3,0,0,-50000,51,1,0,3,3,4,2,503,7,1,0,0,1,0,5940,660,660,4620,12,18,2015,0
47,37,962591,6623,1,1,2000,1241.97,0,430104,1,2,7,12,1,75400,0,4,1,0,1,3,1,2,560,18,1,1,1,0,0,6700,670,670,5360,7,36,2011,0
119,28,288580,8335,2,1,2000,1079.92,0,430886,1,2,6,10,0,88800,0,56,2,2,2,0,3,5,479,1,1,0,0,1,1,53600,6700,6700,40200,13,20,2007,1
8,31,425973,4763,1,1,500,1229.16,4000000,604804,0,4,13,11,5,0,-88300,53,0,1,0,1,3,2,596,2,3,0,0,2,1,48100,11100,7400,29600,13,20,2014,0
294,44,477177,200,0,0,1000,1226.49,0,460308,0,6,4,11,4,53900,0,35,3,0,3,3,6,5,357,3,1,1,0,1,0,6100,610,1220,4270,5,16,2002,0
324,46,648509,7343,1,0,2000,897.89,6000000,618862,1,4,12,2,5,0,-41300,20,2,2,1,2,3,2,251,13,1,0,1,0,1,79600,15920,15920,47760,7,36,2011,0
155,34,914815,243,1,0,500,1706.79,0,462479,1,5,10,7,2,0,0,6,2,1,1,0,2,2,631,1,1,1,1,1,1,77040,8560,8560,59920,6,10,1998,0
245,40,144323,4248,1,2,500,885.08,0,459984,0,5,1,16,2,27000,-58900,36,2,1,2,2,6,3,228,0,1,2,0,1,0,85150,13100,13100,58950,3,25,1998,0
235,39,651861,7650,0,0,500,1046.58,4000000,434982,1,4,12,8,5,0,-31700,23,3,0,3,3,1,2,373,1,1,0,2,1,0,4950,450,900,3600,3,32,2010,0
53,36,125324,4977,2,2,2000,1712.68,0,614233,1,0,5,1,1,72200,0,48,0,3,0,1,5,5,226,17,3,0,2,0,1,51100,10220,5110,35770,1,4,2006,0
111,27,514065,6917,1,1,500,1363.77,4000000,604377,0,5,12,8,0,51100,0,16,2,3,2,3,5,6,639,12,1,2,2,3,0,90970,16540,16540,57890,0,31,2009,0
86,26,391652,3180,2,0,500,1382.88,7000000,434923,1,3,12,6,2,0,-30300,11,2,2,1,3,4,3,90,11,1,0,1,1,1,81840,14880,7440,59520,3,25,2011,1
296,46,922167,1123,2,0,1000,1141.35,7000000,476456,1,5,2,17,1,0,0,5,2,1,0,0,1,3,192,18,1,0,0,2,0,54900,5490,5490,43920,8,7,2013,0
125,35,442795,2353,2,2,500,1054.83,7000000,446788,1,3,12,6,0,0,-51300,55,2,1,2,1,1,3,550,17,1,2,2,3,0,88660,8060,16120,64480,8,7,2007,1
177,34,226330,8397,0,0,2000,1057.77,0,477382,0,3,12,3,4,0,-57700,46,0,1,2,0,0,5,70,22,3,0,1,1,0,18000,2250,2250,13500,1,4,2009,0
238,39,134430,6157,1,1,2000,1488.02,0,600275,0,3,10,8,2,0,-39200,55,3,0,1,3,1,4,318,9,1,2,1,3,1,5500,1100,550,3850,3,34,2010,0
128,28,438817,6502,2,2,1000,986.53,0,472720,0,2,0,14,2,62700,0,46,2,2,2,0,5,1,506,11,1,1,0,2,1,101860,18520,18520,64820,6,8,2007,0
449,57,293794,3367,2,1,2000,1440.68,0,442395,1,0,12,12,3,25000,0,39,1,0,1,3,4,5,56,8,1,2,0,1,1,5390,980,980,3430,13,28,2008,0
359,47,828890,1362,2,0,2000,1367.68,0,613247,0,4,5,1,4,0,0,10,2,1,2,3,4,0,440,13,1,1,0,3,0,55500,5550,11100,38850,8,7,2012,0
19,32,882920,5818,2,2,1000,1215.85,0,454985,1,2,7,10,0,42900,-90200,1,3,0,1,3,5,2,370,8,1,2,1,1,1,7040,1280,640,5120,9,26,2015,0
73,26,918777,4815,0,1,2000,1191.19,4000000,468813,1,4,4,1,1,29300,0,42,0,2,2,2,5,4,190,9,3,0,0,1,1,40160,5020,0,35140,3,34,2003,0
285,44,212580,8925,0,2,1000,1594.45,0,452747,1,2,5,3,0,0,0,35,0,3,2,1,0,1,347,17,2,2,2,3,0,55680,6960,6960,41760,10,3,2006,0
196,36,602410,2180,1,1,2000,1463.07,0,615611,1,4,1,16,3,0,0,23,3,0,3,3,6,6,283,3,1,0,1,1,0,5300,530,530,4240,7,17,2001,1
328,48,630226,5796,0,1,500,1411.43,0,464874,1,5,1,3,3,45100,-32800,15,2,1,0,0,1,5,624,17,1,2,2,1,0,59400,5940,11880,41580,6,10,2014,0
30,31,247116,8162,0,1,2000,1153.35,0,430714,1,6,2,9,1,0,0,32,3,0,3,3,1,2,186,9,1,1,2,1,1,5760,960,960,3840,11,19,2011,0
342,49,505969,2992,2,1,500,1722.95,0,472634,1,6,13,0,1,63100,-13800,58,2,2,1,1,6,2,368,3,1,0,2,0,1,76700,7670,7670,61360,11,21,2006,0
219,39,653864,6297,1,1,2000,1281.07,7000000,608371,0,2,10,2,4,0,0,17,1,0,3,3,1,6,230,6,1,1,0,2,0,5920,740,740,4440,3,25,2015,0
223,43,650026,7042,2,2,500,1235.1,0,466959,0,5,12,8,1,66400,-34400,40,2,2,1,3,4,6,594,14,1,1,2,1,0,54400,5440,5440,43520,2,22,2011,0
128,32,547744,4180,2,0,2000,768.91,0,443522,0,1,11,5,2,0,-39300,56,2,2,2,1,4,1,200,0,1,0,1,0,0,59800,5980,5980,47840,5,14,1999,1
124,29,598124,1332,2,2,500,1301.72,0,441726,1,5,5,9,0,0,0,55,0,3,0,3,5,6,492,14,3,0,0,3,1,72000,7200,7200,57600,1,4,2005,0
343,48,436126,7220,1,1,500,1451.54,3000000,473412,1,3,0,10,0,0,0,7,0,3,2,3,4,5,150,13,4,1,2,3,0,65070,7230,14460,43380,8,7,2003,0
404,53,739447,9083,1,1,500,767.14,0,466201,1,0,11,15,1,25500,-36700,13,1,0,3,3,6,1,167,8,1,1,0,1,0,8800,1760,880,6160,11,21,2002,0
63,24,427484,1442,2,1,2000,1620.89,0,469621,0,2,5,12,2,0,0,33,3,0,1,3,0,2,553,7,1,1,2,0,0,6120,1020,1020,4080,12,11,2015,0
335,50,565564,6220,2,0,1000,1538.26,6000000,615346,1,2,11,19,2,62200,-31400,23,0,3,1,0,1,5,642,12,3,2,2,3,1,34320,8580,4290,21450,13,28,2009,0
272,43,509928,2005,2,0,1000,1279.13,0,615226,1,6,2,3,2,0,0,36,0,3,1,0,0,6,153,5,3,0,1,2,1,81070,7370,14740,58960,1,4,2006,1
69,26,593390,5900,0,0,2000,924.72,0,437688,0,2,6,0,4,0,0,6,2,1,1,1,1,1,365,14,1,1,2,2,0,63120,5260,10520,47340,1,5,2008,0
38,28,970607,1886,2,1,1000,1019.44,0,437387,1,5,13,19,1,0,-39700,40,3,0,3,3,0,6,637,17,1,0,2,1,0,7200,1440,720,5040,2,37,2004,0
281,43,529398,1236,2,0,1000,1515.18,6000000,443191,1,1,8,4,2,0,0,8,0,3,1,1,4,4,645,21,3,1,1,0,0,60190,9260,9260,41670,2,38,1999,0
246,44,940942,4183,2,1,2000,1649.18,0,613647,1,1,4,0,2,0,-58600,52,2,1,0,2,1,2,323,18,1,2,1,2,1,61380,11160,5580,44640,6,10,2009,1
298,49,442677,6874,2,1,500,1451.01,0,460820,0,1,7,8,3,47800,0,51,2,1,1,0,1,6,71,17,1,1,2,2,0,28100,2810,5620,19670,7,17,2012,0
330,50,365364,4718,0,2,1000,978.46,0,431121,0,2,11,19,0,0,0,34,2,3,2,1,1,2,414,19,1,2,0,0,0,49060,8920,8920,31220,3,32,1995,0
362,50,114839,5818,0,1,500,1198.34,4000000,619735,1,0,11,2,5,53000,-72500,6,0,3,2,1,1,1,556,17,3,0,1,1,0,57060,6340,6340,44380,8,12,1995,0
241,38,872734,112,1,0,2000,1003.23,0,470485,0,0,12,11,1,0,0,16,0,3,0,1,5,0,285,23,3,0,0,3,1,77880,12980,12980,51920,0,23,2008,0
245,41,267885,8612,1,2,2000,1212.0,0,620473,1,5,3,1,4,24400,-60500,27,2,1,2,0,1,6,498,4,1,2,0,1,1,73500,7350,14700,51450,7,36,1999,0
343,52,629663,4377,0,2,1000,1053.02,0,602402,0,0,9,3,1,0,0,46,2,1,0,2,1,0,464,2,1,0,0,2,0,47630,12990,4330,30310,12,11,2005,1
377,53,839884,2410,0,0,500,1693.63,0,452456,0,4,2,11,4,0,-64000,47,0,1,2,1,6,2,333,10,3,2,1,3,0,59040,6560,6560,45920,10,2,2015,0
154,37,241562,7306,0,1,1000,2047.59,0,439269,0,4,4,7,2,0,-67800,8,2,2,1,2,4,1,625,2,1,0,0,3,0,79530,14460,7230,57840,0,23,2000,0
166,34,405533,9015,2,0,1000,1083.72,0,617774,0,2,6,0,5,65600,-68200,39,2,3,2,2,1,1,183,18,1,1,0,2,1,53680,4880,4880,43920,6,8,2005,0
298,46,667021,6304,2,2,1000,1138.42,6000000,477678,1,3,9,7,3,36900,-55000,46,2,3,1,3,4,0,309,18,1,1,2,3,1,33550,3050,6100,24400,13,28,2005,0
235,42,511621,238,1,1,500,1072.62,0,444913,0,5,6,8,0,39900,-60200,48,0,3,2,2,6,6,191,7,4,0,2,1,1,69100,6910,6910,55280,12,18,2006,0
172,35,476923,5349,0,0,2000,1219.04,0,456602,1,4,5,13,3,63600,-68700,10,0,2,0,3,2,2,465,19,3,0,2,0,0,79750,14500,14500,50750,9,29,1999,0
27,28,735822,2039,1,0,2000,1371.78,0,451560,1,3,4,14,2,0,-32500,34,0,1,0,2,3,5,107,10,3,0,0,2,1,53600,5360,10720,37520,1,5,2015,1
99,32,130930,8943,1,0,1000,1058.21,3000000,618655,1,3,2,9,4,0,0,9,2,1,2,1,1,0,96,17,1,2,1,1,0,41130,4570,4570,31990,4,30,1999,0
107,26,261119,2610,0,2,2000,932.14,0,612550,1,4,11,6,3,40600,0,9,0,2,2,1,4,1,16,2,3,1,2,3,0,78650,14300,7150,57200,1,4,1996,1
249,43,547802,8620,0,1,1000,1518.46,0,606238,0,4,1,6,3,0,0,25,2,1,0,1,4,5,84,16,1,0,0,0,1,53500,5350,5350,42800,10,1,2015,0
177,38,600845,8013,0,0,2000,1540.19,0,463842,0,1,0,16,2,0,-74500,31,2,1,0,2,5,1,326,20,1,2,2,0,0,73700,7370,7370,58960,3,32,2001,1
190,40,390381,6209,2,2,2000,965.21,0,610354,0,3,3,4,2,36900,-53700,32,1,0,3,3,4,2,541,10,1,0,2,1,1,6300,630,630,5040,9,35,2001,0
174,36,629918,5739,0,0,2000,1278.75,0,461328,0,1,12,13,3,53200,-53800,36,0,2,2,0,1,5,80,21,3,0,2,2,0,65400,10900,10900,43600,4,30,2012,0
95,28,208298,280,2,1,1000,773.99,0,458727,1,0,1,2,2,0,-70300,0,3,0,3,3,3,6,386,3,1,2,1,2,0,3200,640,320,2240,8,12,2014,0
371,51,513099,5740,1,2,1000,1532.47,0,452587,0,0,12,9,2,60300,-24700,18,2,2,0,1,1,0,640,7,1,2,0,3,1,75400,7540,15080,52780,4,30,2012,1
2,28,184938,3402,0,1,1000,1340.56,0,433184,0,3,6,9,1,0,0,16,2,3,1,1,1,3,586,19,1,2,0,2,1,58140,6460,6460,45220,10,1,2008,0
101,27,326322,6223,0,1,1000,433.33,0,603269,1,5,6,9,2,25900,0,1,1,0,1,3,4,2,363,7,1,0,0,3,0,5900,1180,590,4130,8,12,2009,0
94,30,146138,4416,1,1,2000,1025.54,0,442632,0,2,1,13,2,0,-52600,50,2,2,0,1,0,0,55,19,1,0,1,3,1,64100,6410,6410,51280,3,25,2001,0
111,27,532330,4621,2,1,500,1459.97,5000000,441783,1,4,11,19,2,0,0,57,0,3,0,3,4,3,289,2,3,1,1,2,0,80850,7350,14700,58800,5,14,2011,1
242,40,118137,2936,2,0,500,1238.65,0,468702,0,2,13,3,0,0,-44600,26,3,0,3,3,6,6,638,5,1,2,1,1,0,7480,680,680,6120,10,3,1998,0
440,61,212674,948,2,1,500,1050.76,0,467942,1,6,13,12,5,41500,-70200,25,2,3,0,1,2,5,566,21,1,0,2,3,0,53640,5960,5960,41720,9,26,2004,1
20,23,935596,3381,2,2,1000,1711.72,0,463678,0,3,12,0,5,0,0,12,0,2,0,1,4,4,127,21,3,1,2,2,0,63250,5750,11500,46000,3,34,2002,1
208,36,812025,3795,0,1,500,1153.49,0,432711,1,0,2,0,2,0,0,52,0,3,2,2,4,0,350,16,3,2,1,0,1,50500,10100,5050,35350,0,33,2004,0
279,43,168151,1913,2,2,2000,1281.25,0,463583,1,0,6,6,2,0,0,16,2,3,0,3,4,1,511,13,1,2,0,1,0,57690,6410,12820,38460,8,7,2010,1
244,40,594739,5984,0,0,500,1342.8,0,439502,0,4,11,0,0,0,0,32,3,0,3,3,1,6,377,2,1,2,1,3,1,5940,660,660,4620,12,9,2014,0
134,30,843227,6453,2,1,2000,1443.32,0,613287,0,6,3,7,4,0,0,6,0,2,0,1,4,3,655,19,3,0,0,2,1,47790,5310,5310,37170,11,19,1995,1
122,29,283925,663,2,1,1000,1629.94,0,620104,0,5,8,16,2,0,-47100,32,1,0,3,3,4,5,508,17,1,0,0,1,0,3850,350,350,3150,4,27,2014,0
84,30,942504,4888,0,2,2000,1035.79,0,457551,0,4,10,11,5,44400,-51500,29,2,3,1,3,4,3,155,9,1,1,1,0,1,57640,5240,10480,41920,13,28,2010,0
394,57,395572,3349,0,1,500,1401.2,0,619892,0,2,2,12,3,51500,0,24,3,0,3,3,0,2,401,9,1,1,1,0,0,6890,1060,1060,4770,1,5,1999,0
156,37,277767,7457,2,0,500,1080.13,0,606290,1,0,10,15,2,0,-61000,3,0,2,0,0,3,6,342,15,3,2,0,3,0,41490,4610,4610,32270,9,29,2001,0
195,36,842618,4301,1,0,2000,1346.18,0,611852,0,0,6,4,5,57800,-53300,55,0,1,2,1,4,2,205,14,3,2,2,3,1,68970,12540,6270,50160,3,34,2007,0
369,55,577810,8479,2,1,2000,1589.54,0,444734,1,1,5,4,0,55400,0,26,0,2,1,3,5,0,613,6,3,0,2,0,1,85300,17060,8530,59710,12,18,2003,0
271,40,873114,2140,0,0,1000,1251.65,0,433683,0,0,7,4,5,71200,0,49,1,0,1,3,1,2,23,6,1,1,0,0,0,3080,560,280,2240,1,4,2012,0
107,26,727792,8878,2,0,500,974.59,0,466838,0,3,1,16,5,62800,0,17,0,2,1,0,1,0,170,14,3,0,1,0,0,59700,11940,11940,35820,9,35,2002,0
243,43,367595,5851,1,2,500,1307.74,0,466137,0,0,6,2,3,0,-75700,27,0,1,0,0,4,5,397,10,3,0,0,1,0,37530,4170,4170,29190,7,36,2008,0
296,42,586104,4796,1,1,2000,1219.27,0,466970,1,0,12,13,0,53100,-63400,46,0,3,2,0,6,1,14,9,3,2,1,2,0,64080,7120,7120,49840,10,2,2012,0
108,33,512813,0,0,0,2000,694.45,0,450703,0,3,1,8,1,0,0,19,0,3,0,3,6,3,204,6,3,0,0,1,1,64350,5850,11700,46800,9,29,2011,1
32,38,356768,7348,0,0,500,1006.77,6000000,478172,0,1,7,17,3,0,0,36,0,3,1,3,4,3,469,15,3,2,2,1,1,70900,14180,7090,49630,2,38,1997,0
201,40,799501,700,2,1,2000,1315.56,0,471806,0,6,13,18,1,0,0,48,3,0,1,3,4,4,495,14,1,2,0,0,1,6820,1240,1240,4340,7,17,2003,0
189,36,967756,6300,2,1,2000,1388.58,0,459122,0,4,8,1,3,0,-49400,43,0,3,0,3,6,5,109,17,3,0,1,3,1,79560,13260,13260,53040,5,13,2009,0
163,31,127313,4447,1,0,1000,1004.63,6000000,460359,1,3,8,10,1,26900,0,6,0,2,2,0,4,2,175,14,3,2,2,0,0,63910,5810,11620,46480,11,15,1999,0
219,40,786957,6119,2,0,500,1134.91,0,452735,0,0,13,9,1,68700,0,28,3,0,3,3,4,5,356,6,1,0,1,0,0,6400,640,640,5120,12,9,1997,0
88,25,332892,6480,1,1,1000,1194.0,0,613583,0,3,5,12,0,0,0,43,2,2,0,0,4,4,221,6,1,2,1,2,1,66780,7420,7420,51940,5,13,2013,1
59,40,444422,7914,0,1,2000,782.23,0,449221,1,1,10,9,2,64200,-32300,36,0,1,2,0,2,6,411,0,3,0,0,2,0,51570,5730,11460,34380,2,37,2010,0
39,31,689500,4749,0,1,2000,1366.9,0,459322,0,2,5,14,0,0,-15700,27,0,2,0,1,0,3,146,14,3,0,1,0,0,52700,10540,10540,31620,2,38,2014,1
156,37,384618,1109,1,1,500,1090.65,0,608331,1,2,3,9,4,0,-51800,15,0,2,1,3,0,1,450,16,4,0,1,2,1,53400,5340,5340,42720,6,10,2010,1
123,31,756459,5669,1,1,500,1326.0,0,438546,0,0,9,1,5,0,-54600,47,2,3,2,1,4,4,132,13,1,0,1,2,0,72120,12020,12020,48080,8,24,2009,0
231,43,655787,5985,0,1,2000,972.47,0,441981,1,1,10,15,5,0,-58100,31,0,1,1,3,3,2,406,15,3,2,2,2,1,77100,7710,15420,53970,1,4,2010,0
259,43,132871,7099,0,0,500,947.75,0,458470,0,5,4,0,1,0,-39300,33,3,0,3,3,4,5,126,15,1,1,1,3,0,7680,1280,640,5760,1,5,2008,0
267,40,426708,7195,0,1,500,1155.53,5000000,465158,1,3,13,4,5,0,-35200,23,1,0,3,3,1,1,143,5,1,0,0,2,0,5670,1260,630,3780,5,14,1997,0
286,47,615047,4680,1,1,500,1386.93,0,457130,1,2,8,3,0,54100,-77600,16,0,2,1,2,1,6,533,15,3,2,0,0,0,65800,13160,6580,46060,0,33,2001,0
175,34,771236,1948,2,0,500,915.29,0,607893,0,3,5,0,5,82400,-57100,53,2,1,0,2,1,0,305,14,1,0,2,1,1,36720,4080,4080,28560,6,6,2009,1
111,29,235869,7665,0,1,500,1239.55,2000000,464736,0,6,4,11,3,0,0,8,2,3,0,1,4,5,87,1,1,0,1,1,1,52800,4800,9600,38400,8,24,1996,1
151,37,931625,8300,1,1,500,1366.42,0,476198,0,0,10,6,4,44000,0,45,0,2,2,1,4,0,423,14,3,1,1,2,1,59100,5910,5910,47280,9,26,1998,1
156,37,371635,624,2,2,1000,1086.48,6000000,444903,1,0,6,10,4,0,-53800,15,0,2,2,2,1,4,524,17,3,0,1,1,1,77440,14080,7040,56320,11,21,1999,0
165,36,427199,7552,0,1,2000,1247.87,0,464336,1,5,1,9,0,0,-39700,13,0,3,2,1,1,3,100,20,3,1,2,2,0,45700,4570,4570,36560,2,0,2008,0
253,41,261315,8474,2,0,2000,1312.75,0,471453,0,6,11,7,2,81300,0,0,0,2,0,2,4,6,265,10,3,1,2,2,1,80740,7340,14680,58720,12,9,2014,1
436,59,153154,7511,2,2,1000,1338.55,0,430380,1,6,10,2,3,39000,0,11,0,3,2,3,6,2,384,10,3,0,2,2,0,68000,13600,6800,47600,12,11,2014,0
85,30,740384,1371,1,2,1000,1454.42,0,459588,1,0,10,15,2,51600,-73900,30,2,3,0,2,1,6,375,19,1,2,0,1,1,74280,12380,12380,49520,11,15,2006,1
233,37,876714,645,0,0,2000,1603.42,0,616637,0,2,11,18,5,61600,-30200,36,2,1,2,1,1,1,20,17,1,2,0,2,1,80520,13420,6710,60390,12,11,2005,0
142,30,951543,4546,1,1,2000,1616.58,0,447979,1,3,0,14,0,58500,-46800,34,0,2,0,2,4,2,6,13,3,2,0,3,1,63600,6360,12720,44520,4,30,2010,0
266,44,576723,3601,0,1,500,1611.83,0,460176,1,2,5,12,0,0,0,1,2,1,2,3,6,5,380,4,1,0,1,2,1,32800,3280,3280,26240,2,0,2012,0
350,50,391003,5634,2,2,500,889.13,0,459429,0,5,8,2,2,0,0,56,0,2,2,3,3,3,259,14,3,1,0,2,0,44190,9820,4910,29460,1,4,2015,0
97,26,225865,646,0,1,1000,1252.08,0,465456,1,1,3,17,1,0,0,38,0,2,0,2,5,6,372,4,2,2,2,2,0,50400,10080,5040,35280,6,8,2000,1
399,55,984948,1173,0,2,2000,995.56,0,464665,1,3,12,17,1,0,-65400,37,0,3,2,3,1,3,18,23,3,2,1,1,1,88400,17680,8840,61880,9,29,2010,0
257,40,414913,8207,1,1,500,1379.93,0,608228,1,4,1,0,0,0,0,31,0,3,0,2,1,1,220,6,3,0,0,2,1,51810,9420,4710,37680,1,4,2002,1
78,31,414519,3285,1,1,1000,1554.64,4000000,457535,1,6,10,2,3,0,-27900,33,2,1,0,2,6,6,30,21,1,1,1,0,0,55660,5060,10120,40480,6,8,2009,1
283,46,487356,3868,0,2,2000,1313.33,0,455332,0,6,13,15,0,53500,-73600,8,0,1,0,0,1,5,245,3,3,0,1,3,0,77660,7060,14120,56480,9,26,2004,1
96,30,406567,4259,2,0,500,1399.27,6000000,448913,1,1,9,10,5,38900,-48700,54,2,3,2,1,0,0,615,22,1,0,0,0,1,53440,0,6680,46760,5,13,2004,0
121,31,623032,6252,0,2,1000,1061.98,6000000,440837,0,3,1,4,4,0,0,31,2,2,1,3,6,2,208,16,1,1,0,1,1,65250,7250,7250,50750,2,0,2002,0
176,39,935442,7602,2,1,500,1365.46,4000000,466634,1,1,1,17,4,0,-56600,35,0,3,1,1,4,1,35,14,3,1,2,1,0,44280,4920,4920,34440,3,32,2008,0
159,37,106873,3135,0,2,1000,894.4,0,446435,1,0,12,4,5,0,-53700,6,2,2,2,3,1,6,94,13,1,2,2,0,0,70290,7810,7810,54670,4,30,1999,0
120,30,563878,4553,1,1,500,956.69,0,438237,0,0,8,12,0,39600,-64300,36,2,1,1,2,1,2,432,20,1,0,1,1,1,87100,8710,8710,69680,10,1,2000,0
290,45,583169,2927,0,0,500,1085.03,0,476303,0,3,11,6,5,0,-61000,59,0,3,2,3,5,0,239,23,3,2,2,2,0,64800,12960,6480,45360,1,4,2014,1
299,42,337677,6749,2,0,2000,1437.33,0,450339,0,0,2,12,5,25000,0,54,2,2,1,2,4,1,3,13,1,2,1,3,0,70400,12800,12800,44800,2,0,2000,0
66,26,445973,3212,0,1,1000,988.29,0,476502,1,1,1,16,3,0,0,32,2,2,0,3,1,3,534,8,1,0,2,2,1,57860,0,10520,47340,11,19,2008,1
334,47,156694,4135,0,2,500,1238.89,0,600561,1,5,10,17,2,0,0,30,3,0,1,3,6,3,597,3,1,0,0,3,0,6240,960,960,4320,5,16,2011,0
216,38,421940,8893,1,0,1000,1384.64,5000000,600754,0,0,12,2,4,0,0,8,2,2,2,3,5,1,343,16,1,0,2,3,0,66600,16650,11100,38850,7,17,2012,1
86,28,613226,572,1,0,2000,1595.07,0,439304,1,6,13,10,4,75800,0,53,2,3,1,3,5,2,439,19,1,2,0,2,1,70920,11820,11820,47280,7,36,2002,0
429,56,804410,3241,2,1,1000,1127.89,6000000,460722,1,0,6,16,3,67400,-43800,27,2,2,1,0,6,6,332,0,1,2,2,0,1,39480,6580,6580,26320,11,15,2002,0
257,43,553565,3309,1,2,2000,929.7,6000000,618632,0,6,5,0,0,46400,-74300,13,2,1,2,2,5,0,210,12,1,0,2,2,1,63240,10540,5270,47430,8,12,2005,0
230,39,331595,3593,0,0,1000,904.7,7000000,454530,0,4,2,3,4,68600,-22300,47,2,1,0,1,4,5,472,0,1,0,1,3,0,74200,14840,14840,44520,0,33,2002,1
250,43,380067,8562,2,2,1000,1243.84,0,474848,0,3,12,14,3,47900,-73400,29,2,3,1,2,5,1,341,22,1,2,1,3,0,64900,12980,12980,38940,13,20,2011,0
270,44,701521,4907,0,2,2000,1030.95,0,435985,0,0,6,13,2,47200,0,33,0,2,0,0,0,3,125,20,3,0,1,0,0,35900,7180,3590,25130,1,4,2007,1
475,57,958785,1848,2,0,500,1216.56,0,436522,1,5,0,16,3,67400,-83200,30,2,1,1,3,4,2,10,20,1,0,0,2,0,78000,6500,13000,58500,11,15,2000,0
229,37,340614,2682,0,1,2000,1212.12,0,446544,0,4,2,13,1,65600,0,28,0,3,0,2,6,1,549,14,3,2,1,1,1,68760,11460,5730,51570,5,16,1995,0
292,44,200827,2589,2,2,500,1097.57,0,462836,1,6,8,1,4,0,0,58,2,3,2,2,4,1,243,12,1,1,1,0,1,61700,6170,6170,49360,10,2,2005,0
451,61,533941,3064,1,1,2000,1618.65,2000000,475407,0,0,13,14,4,0,-42600,34,0,2,0,0,2,1,111,3,3,2,2,1,1,78100,15620,7810,54670,3,34,1997,1
150,30,354481,5408,1,0,1000,1342.02,0,608425,1,4,9,14,3,0,0,58,1,0,3,3,5,0,382,8,1,2,0,2,0,4500,450,450,3600,10,2,1999,0
291,46,832746,5920,2,2,1000,994.74,0,452701,0,2,0,14,3,0,-55300,24,1,0,1,3,4,2,61,8,1,1,2,2,1,5580,620,620,4340,13,28,2005,1
162,31,386690,5869,1,0,1000,1050.24,0,456789,0,5,0,5,5,30700,0,56,1,0,1,3,0,0,322,7,1,0,0,0,0,3600,360,720,2520,2,37,2013,1
289,47,594722,3472,2,2,2000,1102.29,0,450889,0,0,0,10,3,73000,-37900,30,2,1,1,0,5,3,119,15,1,1,1,0,1,54000,6000,6000,42000,12,18,1996,0
396,57,514424,988,1,0,1000,1366.39,0,438180,1,2,10,8,2,0,-22400,29,0,1,0,2,0,1,448,22,3,2,2,1,0,52560,11680,5840,35040,10,2,1995,0
273,41,954191,7326,2,2,1000,1403.9,0,449793,0,6,4,7,3,0,0,30,0,3,2,3,5,5,589,16,2,0,1,2,1,44110,4010,8020,32080,6,6,2015,0
419,53,457244,2923,0,2,2000,736.07,6000000,445339,1,1,13,5,4,45700,0,34,0,3,1,3,4,3,427,17,4,0,0,0,1,62280,5190,10380,46710,11,15,2012,0
315,44,206667,1194,0,1,1000,974.16,6000000,438328,0,5,11,15,2,0,-56800,37,0,1,2,2,1,6,485,12,3,0,1,0,1,26730,4860,4860,17010,13,20,2006,0
72,29,745200,1652,2,2,500,973.8,0,479913,0,0,2,8,3,0,-85900,15,2,2,0,0,6,0,592,9,1,0,1,0,0,66200,6620,6620,52960,4,27,2013,0
157,32,347984,7207,2,0,2000,617.11,0,436711,1,1,7,15,2,0,-54100,1,0,1,0,2,5,1,417,14,3,0,1,2,0,50800,10160,5080,35560,8,12,2013,1
113,29,999435,6548,2,1,2000,1091.73,0,601213,1,6,3,9,1,36100,-42300,4,0,2,1,2,1,6,398,15,3,0,0,2,1,49950,5550,5550,38850,9,35,2004,1
289,46,858060,5238,0,1,2000,1209.07,0,604138,1,3,1,5,4,0,0,58,2,2,1,0,0,0,334,18,1,2,0,1,1,56430,6270,6270,43890,2,0,1995,1
254,41,500384,8726,0,1,2000,1241.04,0,431361,0,5,10,2,3,0,0,3,2,1,1,3,1,5,12,16,1,1,2,2,1,100210,18220,18220,63770,1,5,2014,0
115,30,903785,3862,2,2,500,1757.21,0,477695,1,2,9,0,5,46400,0,32,0,1,1,1,1,3,38,12,3,1,1,0,1,49140,5460,5460,38220,5,14,2007,0
48,35,890026,6684,0,0,500,1090.03,0,430232,0,3,3,9,4,0,-51000,29,2,2,0,0,6,0,603,1,1,2,0,2,0,48400,9680,4840,33880,10,1,2005,0
297,48,751612,7086,1,1,1000,1464.73,3000000,443861,1,6,3,9,2,54900,-36700,24,0,3,2,1,1,0,561,17,3,0,0,0,0,51480,5720,5720,40040,12,18,2013,0
160,36,876680,8139,2,0,1000,1118.58,0,460801,0,2,9,2,0,0,-36600,21,0,2,2,1,1,1,458,5,3,1,2,1,0,51700,5170,10340,36190,10,3,2003,0
157,31,121439,187,1,2,500,1257.83,7000000,458622,1,2,4,15,3,40700,-41600,44,0,2,0,2,2,0,428,2,4,1,2,2,0,47700,4770,9540,33390,0,33,2011,1
146,31,411289,2789,2,1,2000,1082.72,0,478661,0,6,6,18,1,61400,-57500,14,3,0,1,3,4,3,231,3,1,2,2,0,0,5220,580,580,4060,0,23,2015,0
252,46,932097,5701,1,0,1000,1242.02,0,601961,1,5,0,7,5,0,-28800,38,2,1,1,1,5,2,390,17,1,2,0,2,1,74900,14980,7490,52430,7,17,2003,0
6,27,463727,921,2,1,500,1075.71,0,604328,0,2,9,7,4,0,-47400,47,3,0,3,3,6,1,489,7,1,0,0,1,1,3190,580,290,2320,10,3,2015,0
103,33,552618,1091,1,0,1000,969.88,6000000,614385,1,4,1,8,3,0,0,20,2,2,1,0,1,1,392,21,1,1,1,0,1,76920,12820,6410,57690,3,25,2002,0
369,53,936638,1939,2,1,2000,1459.93,0,438584,0,5,8,18,1,0,0,39,0,1,2,3,6,6,4,10,2,2,1,3,0,77990,7090,14180,56720,7,36,2012,0
159,33,944102,6383,1,0,2000,1462.76,0,615683,0,1,2,16,0,69200,-36900,54,0,2,0,0,1,1,197,23,3,2,2,0,0,44880,8160,4080,32640,8,7,2004,1
344,51,689901,822,1,0,2000,1398.46,0,455672,1,0,11,16,2,0,0,32,2,3,1,0,0,3,59,14,1,0,0,2,0,82830,7530,15060,60240,1,5,2004,0
437,60,901083,2914,2,2,1000,1269.64,0,602942,0,1,1,6,4,48800,0,44,2,1,1,2,4,5,578,10,1,1,1,3,0,84480,7680,15360,61440,3,32,2012,1
65,30,396224,7164,1,0,500,1455.65,4000000,616706,0,1,13,16,5,0,-66300,45,0,3,2,1,6,2,148,6,3,0,2,3,0,79800,15960,7980,55860,6,10,1999,0
280,41,682178,1786,2,2,2000,1140.31,0,473243,1,4,0,8,0,29300,-64700,58,0,2,1,3,6,0,360,10,3,0,0,3,1,53020,9640,9640,33740,12,11,1999,0
269,45,596298,2400,1,2,500,1330.46,0,435552,0,2,6,17,5,54800,-64100,17,0,3,2,3,5,2,86,5,3,0,0,0,0,24200,2200,4400,17600,11,15,2008,0
275,40,253005,662,2,1,2000,1190.6,0,434206,1,5,3,4,4,0,-45300,5,2,2,1,1,2,5,286,17,1,0,1,3,1,43230,7860,7860,27510,3,32,2001,0
265,45,985924,3196,2,1,500,972.5,0,469895,0,1,3,6,4,0,0,18,3,0,3,3,0,6,442,3,1,1,2,3,0,3190,290,580,2320,5,13,1995,0
283,43,631565,2725,1,0,2000,1161.91,0,457722,0,0,0,14,1,0,-50400,16,1,0,1,3,6,4,31,9,1,0,0,3,0,5850,1300,650,3900,2,22,2006,0
84,29,630998,4820,2,1,1000,1117.17,0,473645,0,2,6,18,1,0,-29900,42,1,0,3,3,4,0,196,6,1,2,2,0,1,6820,620,1240,4960,2,0,2005,0
247,44,926665,738,2,1,2000,1101.51,0,619108,0,1,4,4,1,64000,0,41,0,1,1,1,1,5,650,22,3,1,2,2,0,69480,11580,11580,46320,3,34,2008,0
56,29,302669,5997,0,0,1000,1523.17,0,610479,1,5,9,12,3,0,0,51,0,1,0,1,3,3,102,10,3,0,1,2,1,94560,7880,15760,70920,7,17,1995,0
108,32,439828,6067,2,2,2000,1257.0,4000000,616341,0,2,6,1,4,63900,-43700,10,2,1,2,2,6,4,62,23,1,1,1,3,0,61270,5570,11140,44560,11,21,1999,0
328,49,971295,4265,2,2,500,1434.51,0,460535,0,5,13,3,5,0,0,53,2,2,2,3,1,5,292,19,1,0,0,2,1,71440,8930,8930,53580,8,24,2005,0
186,37,165565,6964,2,1,2000,1628.0,0,606487,0,3,8,8,4,0,0,27,2,2,2,0,1,2,651,22,1,2,1,2,1,55600,11120,5560,38920,7,17,2009,0
277,44,936543,4168,1,2,500,1412.31,0,620737,1,2,8,2,4,0,0,31,3,0,3,3,0,5,330,6,1,1,1,3,0,5000,1000,500,3500,7,36,2005,0
147,37,525224,979,1,1,1000,1306.78,0,466818,1,4,9,18,2,0,0,13,2,1,2,0,4,3,422,22,1,0,1,0,0,81120,13520,20280,47320,12,9,1995,0
150,31,651948,1705,1,2,1000,1354.5,0,456602,1,5,6,0,0,52800,0,1,0,1,0,0,1,0,434,6,3,0,0,3,1,64800,6480,12960,45360,11,15,2000,1
91,31,268833,3521,1,0,1000,1338.4,4000000,431937,0,2,8,14,3,63600,0,55,2,3,1,3,0,2,460,19,1,0,1,0,0,60570,6730,6730,47110,9,26,2011,0
167,36,287489,1468,0,0,1000,949.44,0,448603,0,5,3,4,2,0,-38400,18,0,2,0,0,0,6,117,22,3,0,0,0,0,69680,8710,8710,52260,8,24,2008,1
467,58,808153,4739,1,2,2000,977.4,0,444500,1,5,13,3,3,82200,0,2,2,1,2,1,1,1,611,2,1,2,2,3,0,55700,5570,11140,38990,9,26,2014,0
264,47,687639,5518,1,1,2000,1181.46,10000000,601117,0,3,13,17,2,0,-67400,42,0,1,2,0,2,0,43,16,4,2,1,2,1,62370,5670,5670,51030,4,27,2001,0
270,45,497347,4956,2,2,500,1187.53,0,615383,0,6,8,19,1,83200,-53300,54,0,3,2,2,5,1,632,23,3,0,0,0,1,54340,9880,0,44460,10,1,2005,0
310,48,439660,4548,2,0,1000,845.16,0,434342,0,5,8,0,2,0,0,55,2,1,0,3,0,3,446,21,1,2,1,0,0,55170,6130,6130,42910,1,5,2005,1
143,34,847123,8817,0,0,500,1442.27,0,435100,1,1,8,8,5,67900,0,47,2,1,1,2,1,1,634,10,1,0,2,3,1,58500,11700,5850,40950,4,30,1999,0
102,28,810189,3501,2,1,500,1075.41,0,445648,1,4,6,15,5,55200,0,45,2,3,2,3,3,3,523,6,1,1,1,0,0,73400,7340,7340,58720,4,27,1996,0
255,44,903203,5089,2,2,2000,814.96,6000000,435267,0,6,8,5,1,68500,0,35,1,0,3,3,0,2,120,7,1,0,2,2,0,6400,640,1280,4480,8,24,2005,1
211,40,253085,453,0,2,1000,1575.86,0,461275,0,6,7,17,3,0,0,11,3,0,3,3,6,4,647,3,1,1,1,1,0,3190,580,290,2320,1,5,2004,0
61,29,180720,1872,1,1,1000,1115.27,0,613816,1,3,5,14,4,0,-66000,0,1,0,3,3,5,2,261,10,1,2,2,1,1,5900,590,590,4720,9,29,2010,0
108,31,492224,5795,1,2,2000,1175.7,0,608767,1,5,10,19,1,0,0,49,2,2,2,1,1,1,329,14,1,1,0,2,0,57330,6370,6370,44590,4,27,2006,0
303,50,411477,4350,2,0,500,793.15,0,620869,1,4,12,2,3,54600,-45500,13,0,1,2,2,6,2,216,17,3,1,0,3,0,81960,13660,13660,54640,4,27,2008,0
163,37,812989,5152,1,1,500,1178.95,6000000,441370,0,3,8,7,3,0,-67300,15,2,2,2,1,1,6,463,20,1,2,2,3,1,49400,4940,9880,34580,7,36,2005,0
352,53,993840,8567,0,1,500,1793.16,0,619166,1,0,12,8,5,0,0,14,2,1,1,1,0,5,612,23,1,2,2,2,0,68750,12500,6250,50000,3,25,2009,0
239,39,506333,146,0,0,500,1396.83,0,442308,0,5,7,15,0,0,0,5,0,2,0,0,6,3,361,0,4,0,0,3,0,76890,6990,13980,55920,2,38,2007,0
88,30,372912,921,1,0,1000,1437.88,0,614383,0,1,13,15,0,42800,-51200,55,2,3,2,1,4,4,617,3,1,1,2,0,1,56000,14000,0,42000,3,25,2003,0
101,33,552788,584,0,2,1000,1313.64,0,438617,0,1,8,2,4,12100,0,40,1,0,3,3,1,2,475,3,1,2,1,0,0,4290,780,390,3120,1,4,1997,0
20,37,722747,7888,0,1,500,1482.14,0,613936,0,0,13,15,0,33000,-43600,52,0,2,2,2,1,0,74,15,3,0,2,1,0,60750,6750,6750,47250,11,15,2003,0
126,30,248467,8288,0,1,2000,1171.75,0,472163,0,0,6,2,1,46500,-42700,30,2,3,1,2,1,3,172,23,1,0,2,3,0,48730,4430,4430,39870,3,25,2011,0
264,43,955953,8757,0,2,2000,1353.33,0,447458,1,0,0,18,1,0,-8500,42,0,1,1,3,6,6,648,9,3,2,2,0,0,95150,17300,17300,60550,5,13,2007,0
78,24,910622,785,1,0,500,1175.51,0,474792,1,5,2,19,0,0,0,5,3,0,1,3,1,1,184,20,1,0,0,1,1,7480,680,680,6120,4,27,2003,0
123,28,137675,8346,0,0,2000,1836.02,0,470559,1,5,13,12,3,38000,-41200,0,2,3,0,0,0,5,238,5,1,0,2,1,1,79800,13300,6650,59850,13,28,2011,1
271,44,247801,6625,2,1,500,1340.71,0,600153,0,2,12,0,2,0,0,44,2,2,1,2,4,5,630,16,1,1,2,2,0,76230,6930,13860,55440,13,28,1997,1
410,54,171147,7519,0,0,2000,714.03,0,465979,1,4,10,2,3,0,-17000,46,2,3,1,0,6,3,338,0,1,2,0,2,0,59520,9920,9920,39680,6,6,2001,0
218,41,461962,8733,0,0,500,914.22,0,444155,1,3,9,9,5,37900,-72900,21,0,3,2,3,1,6,48,14,3,1,2,0,0,84590,15380,7690,61520,10,2,2013,0
126,34,628337,6500,1,0,2000,1078.22,0,453274,0,5,13,4,5,54500,0,53,0,3,0,1,4,3,232,2,3,1,0,1,1,58410,10620,5310,42480,3,34,2007,0
225,37,373600,3961,2,0,1000,1217.84,5000000,443462,0,2,4,19,1,49600,0,37,0,1,1,1,6,4,403,19,3,0,2,2,0,57600,9600,9600,38400,13,28,2015,0
35,35,930032,4609,0,0,2000,1117.42,0,446158,0,6,10,11,1,0,-51900,44,0,3,1,1,0,2,516,23,3,1,2,2,0,53190,5910,11820,35460,13,20,1996,0
460,57,396590,2841,2,0,2000,1567.37,0,602514,0,3,2,16,0,62500,0,45,2,1,0,2,1,5,351,10,1,0,2,3,0,58300,5830,11660,40810,9,26,2014,1
195,38,238412,1207,0,2,2000,1294.93,6000000,477356,1,4,12,18,4,38000,-50300,44,0,1,1,0,6,6,66,12,3,2,1,2,0,64620,7180,0,57440,4,27,2003,0
360,51,484321,2357,0,1,1000,1152.12,0,434669,1,6,1,10,1,0,-62400,35,0,3,2,0,6,5,493,15,3,1,2,0,1,90480,15080,15080,60320,2,38,2000,0
300,49,795847,2150,0,0,1000,1441.21,0,609322,0,6,4,11,5,0,0,3,3,0,3,3,4,1,68,3,1,1,1,0,0,7080,1180,1180,4720,9,26,2001,0
146,36,792673,8476,2,2,2000,1233.96,0,606177,0,5,7,9,2,34500,-60600,35,0,3,2,3,0,2,178,16,3,1,1,1,0,55900,5590,5590,44720,9,35,2015,0
67,29,662256,2116,0,1,1000,1861.43,0,461514,1,2,0,14,0,60400,-67800,14,2,2,0,2,4,1,496,16,1,1,0,3,1,63800,6380,6380,51040,10,1,1998,1
380,56,971338,5395,2,0,1000,1570.86,0,454685,1,4,4,6,2,66000,0,4,2,3,2,3,5,3,151,10,1,0,0,1,1,58160,7270,7270,43620,10,3,1996,1
389,53,714738,2975,0,2,2000,791.47,0,477260,1,5,1,5,4,0,0,0,3,0,1,3,0,5,40,6,1,1,1,2,0,6300,630,1260,4410,8,7,2001,1
317,46,753844,3463,1,1,1000,1012.78,0,469126,1,4,11,19,2,43700,0,25,2,1,0,1,6,0,512,18,1,1,2,1,0,104610,19020,19020,66570,8,24,1999,1
264,44,976645,7337,0,0,500,1047.06,6000000,443402,1,1,3,17,5,0,0,43,0,2,0,1,4,6,608,20,3,1,0,2,0,69850,12700,6350,50800,5,16,1999,0
69,24,807369,874,1,2,500,1418.5,0,614948,0,2,1,19,2,0,0,34,0,2,1,3,1,6,396,23,3,0,0,0,0,63300,12660,6330,44310,4,30,2012,0
294,46,735307,7431,0,0,500,1532.8,0,473935,1,1,9,8,3,0,0,53,2,3,2,2,4,3,430,8,1,1,0,3,1,65780,11960,11960,41860,8,24,2013,0
191,33,585324,6603,2,2,2000,1551.61,0,470670,1,2,1,12,4,45000,-30400,51,3,0,1,3,6,0,539,3,1,2,1,1,0,2250,250,250,1750,12,11,2005,0
298,49,795004,2970,2,1,500,862.92,0,448809,1,4,6,4,5,0,-71700,16,0,3,0,2,1,4,399,16,3,1,0,2,0,69480,11580,11580,46320,10,3,2007,0
231,43,203250,7390,1,0,2000,1331.69,0,469653,0,5,0,15,1,0,0,48,2,2,1,3,1,3,393,12,1,0,1,2,0,66950,10300,10300,46350,3,25,2015,0
321,44,284143,6661,0,2,2000,1344.56,6000000,443344,1,0,6,10,0,0,-39100,42,3,0,3,3,1,3,260,7,1,0,1,2,0,4680,520,0,4160,0,23,1999,0
0,32,740518,7692,2,2,1000,1377.04,0,441363,1,1,12,0,5,61400,-41100,16,0,2,1,0,1,6,34,6,4,0,1,1,0,39720,6620,6620,26480,0,23,2002,0
304,49,599262,4259,1,0,1000,1525.86,0,463184,0,6,2,4,3,0,0,20,2,3,1,2,0,3,588,2,1,2,1,1,1,73370,13340,6670,53360,10,3,2013,0
1,29,357949,5961,2,2,500,854.58,0,612826,0,3,2,13,2,52200,0,0,2,3,1,3,4,4,453,15,1,0,2,3,1,86790,7890,23670,55230,6,8,2003,0
202,38,320251,6937,0,0,2000,1132.74,0,616120,0,0,1,8,0,0,-37500,34,2,3,0,2,6,2,445,12,1,2,1,1,0,77440,7040,14080,56320,9,35,2005,0
61,26,766193,7855,2,0,2000,1188.28,6000000,475916,0,3,4,16,5,0,-53800,44,0,2,0,1,5,2,202,16,2,2,1,0,0,53820,11960,5980,35880,5,14,2015,1
334,46,555374,8379,0,0,1000,876.88,6000000,454434,1,4,11,15,2,0,0,2,2,2,1,3,6,2,545,2,1,1,2,1,0,57330,12740,6370,38220,7,17,1998,0
86,29,925128,8981,0,0,2000,1409.06,0,610302,1,2,9,19,0,74200,-68100,29,2,1,1,3,1,4,604,0,1,1,2,2,1,62920,9680,14520,38720,0,23,2005,0
83,24,265093,5818,1,2,1000,1070.63,0,462106,0,2,6,2,4,0,0,50,0,1,2,1,1,0,600,0,3,0,0,1,0,61600,6160,12320,43120,6,8,2003,0
126,30,267808,3148,0,2,2000,916.13,0,431389,1,1,11,9,4,55300,-58400,6,0,2,2,3,1,3,568,16,3,2,2,0,0,74160,6180,12360,55620,8,12,2002,0
283,48,963680,4725,2,2,1000,1474.66,0,446755,0,3,11,13,0,0,-46200,47,1,0,3,3,1,2,400,9,1,0,2,3,0,6560,820,820,4920,13,20,2003,0
194,34,445694,5231,0,1,1000,1193.45,0,464743,1,3,7,10,1,0,0,23,2,2,2,0,6,3,255,11,1,0,2,1,1,58800,11760,5880,41160,9,29,1997,0
184,38,215534,1689,0,1,1000,1437.53,0,437889,0,1,13,5,1,0,0,32,0,3,1,0,3,4,303,6,3,0,0,2,0,53730,11940,5970,35820,4,30,2013,1
479,60,232854,2718,0,0,2000,1304.83,0,473638,0,1,7,6,0,0,0,8,2,2,2,0,1,0,222,18,1,1,0,0,0,60600,5050,10100,45450,6,10,2001,0
284,48,168260,398,2,1,1000,1168.8,0,444232,0,3,12,12,2,0,-42400,58,2,3,2,2,1,4,194,11,1,0,0,3,1,35750,6500,3250,26000,8,12,2001,0
65,27,538955,4263,1,0,1000,1164.97,0,477695,0,1,0,8,5,43000,-42500,16,2,1,2,0,6,0,449,17,1,0,1,2,1,42840,3570,7140,32130,3,32,2004,0
222,39,243226,8018,0,1,1000,1232.72,0,458237,1,2,1,10,3,87800,-51200,39,0,1,0,1,4,6,242,21,3,0,1,0,0,87960,14660,14660,58640,7,36,1999,1
196,41,246435,4177,0,1,2000,1800.76,0,441499,1,3,10,4,2,0,-78600,13,0,2,1,0,4,2,133,0,3,1,1,0,0,47800,4780,4780,38240,7,17,2009,0
220,42,726880,1654,1,0,1000,1281.72,0,619811,1,1,4,10,2,33500,-49500,43,0,2,1,1,4,3,593,20,4,1,0,2,1,47740,4340,4340,39060,6,10,2005,0
85,30,190588,4334,2,0,1000,796.35,0,614166,0,4,2,18,3,72400,-77000,50,0,2,2,1,4,3,89,9,3,2,2,1,1,58960,5360,10720,42880,5,14,2004,0
316,45,164988,8731,0,0,2000,1290.74,5000000,430832,0,2,9,11,0,58300,0,42,0,3,0,0,5,6,353,6,3,1,2,0,1,78870,7170,14340,57360,11,21,2013,0
285,47,729534,611,1,0,1000,1216.68,0,610989,0,5,11,1,2,55100,0,5,3,0,3,3,4,1,140,8,1,1,1,1,0,2700,300,300,2100,5,14,2013,0
379,54,505014,4352,0,0,500,1251.16,0,447750,0,0,6,11,1,41400,0,45,2,1,2,0,6,5,444,14,1,0,0,1,0,75960,6330,6330,63300,7,17,2010,0
354,48,534982,4819,0,2,2000,1526.11,5000000,469650,0,5,11,8,4,0,0,2,2,1,1,3,4,1,526,12,1,0,2,3,1,90240,15040,15040,60160,3,25,1995,0
342,53,110408,5770,1,0,1000,1028.44,0,602304,0,1,9,7,1,0,0,25,2,1,0,0,4,6,552,12,1,0,0,0,0,80960,14720,7360,58880,0,23,2000,0
169,38,283052,5459,0,0,1000,1555.94,0,459878,1,6,2,16,3,23300,0,24,0,1,2,2,5,5,180,12,3,1,1,3,1,79080,6590,13180,59310,8,7,2012,0
339,49,840806,1479,1,2,2000,1570.77,0,441142,1,3,0,13,1,98800,-65300,17,3,0,1,3,4,1,82,13,1,1,0,3,0,6820,1240,620,4960,8,24,2009,0
259,42,382394,2187,2,0,2000,1170.53,0,465667,0,6,1,17,5,65000,-49200,11,0,2,2,1,6,3,571,17,3,1,1,2,1,62590,5690,11380,45520,9,29,2006,0
65,23,876699,3606,2,1,1000,1099.95,0,473109,0,1,11,7,5,0,-71900,14,2,3,0,2,1,0,626,14,1,1,1,0,1,52400,6550,6550,39300,0,23,2005,1
254,46,871432,5283,0,1,2000,1472.43,0,619794,1,4,12,1,0,0,-90600,9,0,1,0,0,6,0,507,3,3,0,1,3,1,63580,5780,11560,46240,13,20,2004,0
440,55,379882,8320,0,1,500,1275.62,0,602258,0,0,8,15,2,0,-56200,22,0,3,1,3,1,5,137,18,3,2,2,1,0,61400,6140,6140,49120,9,35,1995,0
478,63,852002,7093,0,1,1000,1292.3,0,479724,1,2,0,13,3,47600,0,51,1,0,1,3,5,3,535,5,1,2,1,3,0,4700,940,470,3290,4,27,2007,1
230,44,372891,3803,1,1,2000,1009.37,0,442210,0,1,9,10,2,45400,-39400,47,2,1,2,1,4,5,643,19,1,1,0,2,1,74140,13480,13480,47180,2,37,2015,0
138,30,689034,4365,2,2,500,1093.07,4000000,463291,0,6,7,15,5,27700,-72400,5,2,1,0,2,5,2,629,0,1,0,2,2,0,83160,6930,13860,62370,13,20,2011,0
239,41,743092,8689,2,1,1000,1325.44,7000000,474898,0,3,4,13,2,51400,-6300,48,1,0,3,3,0,0,378,22,1,0,0,2,1,10790,1660,830,8300,8,12,2013,0
93,31,599174,6561,0,0,2000,1017.18,0,431354,0,4,9,13,0,0,0,47,0,2,0,3,0,0,72,21,3,2,1,3,0,48070,8740,8740,30590,10,1,2014,0
37,25,421092,4784,2,0,1000,1221.17,0,617460,0,5,10,9,1,49300,0,23,0,2,1,0,4,4,581,4,3,2,0,0,1,51030,5670,11340,34020,11,19,1996,0
131,29,811042,8559,1,1,1000,978.27,0,479821,0,0,11,13,3,65700,0,33,2,1,0,1,4,2,114,5,1,0,1,3,0,76400,15280,7640,53480,11,15,2003,0
313,50,116645,5268,2,0,2000,1255.62,0,603882,1,4,1,14,4,0,0,32,0,3,0,2,2,4,374,18,3,2,2,1,1,69000,13800,6900,48300,5,14,1995,1
210,38,950880,3248,1,1,500,999.52,0,615229,1,3,12,9,2,0,0,12,3,0,1,3,5,6,457,6,1,0,1,2,0,8640,1440,720,6480,0,33,2008,0
153,37,627486,5766,1,2,500,1010.77,0,438215,1,2,13,1,4,52300,-55600,15,0,3,2,0,0,0,161,5,3,0,0,3,0,42500,4250,4250,34000,13,20,1999,0
337,53,498842,3750,2,0,500,1205.86,0,444583,1,0,1,1,5,0,-34600,31,2,2,1,1,4,0,158,8,1,2,0,1,0,86400,14400,7200,64800,0,31,2001,0
428,53,328387,8865,0,0,1000,1496.44,0,616884,0,2,12,4,4,0,0,46,1,0,3,3,0,6,85,9,1,2,2,2,0,6930,630,1260,5040,6,8,2013,0
204,40,540152,365,0,0,500,1256.2,0,448310,0,3,11,10,1,0,0,6,0,3,1,2,4,3,314,10,3,2,1,2,1,41700,8340,8340,25020,10,3,2013,0
364,51,385932,822,0,0,500,1268.35,0,478902,1,5,13,2,5,0,0,9,2,2,0,2,1,4,98,16,1,2,2,1,0,77330,14060,14060,49210,13,20,2014,1
185,35,618682,3689,1,2,2000,1421.59,0,442695,1,1,7,17,3,0,0,30,3,0,3,3,6,0,644,8,1,0,2,3,1,4950,900,450,3600,5,14,2011,0
63,26,550930,2084,0,2,500,1500.04,6000000,613826,1,6,2,14,3,0,-36500,43,3,0,1,3,0,4,50,5,1,1,0,2,1,5160,860,860,3440,0,33,2004,0
294,49,756870,2190,1,2,500,1135.43,0,442604,1,5,4,3,3,22700,0,34,0,3,2,3,6,1,628,23,3,2,1,1,1,42900,3900,3900,35100,3,25,2010,0
272,41,337158,436,2,1,2000,945.73,5000000,435663,1,4,10,5,5,38600,-42800,34,2,1,1,1,1,0,287,23,1,1,0,0,0,84100,16820,8410,58870,5,13,2009,1
180,33,113464,7022,1,2,2000,1005.47,0,441871,0,3,10,10,3,58100,-49000,45,0,2,1,0,5,1,394,12,4,0,2,3,1,57700,11540,5770,40390,7,17,2002,0
392,50,556415,572,2,0,2000,1108.97,0,431496,0,6,3,8,1,68400,-66800,13,2,3,1,2,6,6,13,4,1,1,2,2,1,108030,16620,16620,74790,10,1,2002,0
143,30,250249,670,1,0,500,1392.39,5000000,436499,0,2,3,7,4,0,-65700,11,2,2,1,1,4,5,166,16,1,1,2,0,1,54300,10860,5430,38010,12,18,2010,0
292,42,396002,6245,1,1,1000,1588.22,0,605369,1,3,6,4,2,0,-53800,14,0,2,2,2,6,5,473,15,3,2,1,1,0,84600,16920,8460,59220,3,25,2007,0
165,35,976908,8374,0,1,500,900.02,6000000,448466,1,1,2,4,3,0,-49900,54,2,1,2,2,4,6,585,8,1,1,1,3,1,69700,6970,6970,55760,2,0,2008,0
158,33,509489,8729,2,0,1000,1744.64,3000000,432786,1,3,9,12,4,0,0,37,0,2,2,0,6,6,29,4,3,1,0,1,0,36400,3640,7280,25480,13,20,1998,0
241,39,485295,5570,2,1,1000,1260.56,0,473591,0,3,0,13,3,0,-54900,52,0,3,1,3,4,4,193,20,3,1,0,2,1,37520,4690,4690,28140,7,36,2010,0
402,54,603632,4949,2,1,2000,1285.09,0,444558,1,3,4,2,1,48000,-79600,58,2,2,0,2,1,6,302,19,1,1,0,2,1,67770,7530,15060,45180,8,24,2013,1
102,32,783494,8984,2,0,500,1537.07,3000000,457733,1,3,12,5,5,0,0,34,2,3,2,2,2,3,404,11,1,1,1,0,0,47400,9480,4740,33180,3,32,2004,1
282,46,502634,567,2,0,2000,1558.86,0,450800,1,4,7,7,5,51100,-75100,47,2,1,1,3,1,6,521,2,1,0,2,2,0,69400,13880,6940,48580,2,22,2012,0
415,52,794731,9157,1,1,1000,973.5,0,468634,1,6,6,14,1,50400,0,32,0,2,2,3,6,0,653,15,2,2,1,3,1,51090,7860,7860,35370,12,18,2003,0
51,34,641934,8733,2,2,500,1430.8,0,461264,1,6,6,4,4,0,0,42,2,3,0,1,1,6,325,23,1,0,2,3,0,64200,6420,19260,38520,6,10,2007,1
255,45,113516,259,0,2,500,1192.27,0,600184,1,2,11,0,3,0,-40200,3,2,1,2,2,0,5,164,16,1,1,2,0,1,67320,12240,12240,42840,5,16,2006,0
130,28,542245,667,2,2,1000,1003.15,0,462377,0,3,4,12,2,0,-38500,22,0,1,1,0,4,2,263,21,2,2,2,1,0,85020,13080,13080,58860,5,16,2010,0
96,27,633090,6961,0,0,1000,1631.1,0,437323,0,2,8,8,5,0,0,22,1,0,3,3,6,0,502,4,1,0,1,2,0,6030,670,670,4690,9,29,2007,0
180,35,464234,5650,0,2,1000,1252.48,0,432148,1,4,6,19,5,0,-55800,40,3,0,1,3,2,6,45,17,1,0,1,3,0,5100,1020,510,3570,3,25,2000,0
150,30,290162,1505,1,0,1000,1677.26,0,439690,1,1,11,19,3,40100,0,9,3,0,3,3,6,6,388,7,1,2,1,3,1,4590,510,510,3570,13,20,2013,0
463,59,638155,1649,0,1,1000,979.73,0,601848,0,3,3,19,1,51700,0,42,0,1,0,2,4,1,17,14,2,0,1,2,0,72400,7240,14480,50680,3,34,1999,1
472,64,911429,8246,1,1,500,989.24,0,615821,1,5,7,16,1,0,0,51,2,1,0,1,1,4,195,13,1,1,2,3,0,70900,14180,7090,49630,8,24,2002,0
75,25,106186,7979,0,2,1000,1389.86,0,472475,0,0,8,10,0,0,0,17,0,3,2,2,6,6,359,23,2,0,2,3,1,65100,6510,6510,52080,10,2,2011,0
193,40,311783,5508,2,0,500,1233.85,0,457463,0,1,5,5,0,0,0,58,0,3,2,0,3,2,198,23,3,0,2,1,1,64260,0,14280,49980,5,13,1999,0
160,38,497929,7175,2,1,500,1733.56,0,441425,1,2,11,17,5,0,-43800,8,0,3,0,1,4,2,355,13,3,1,2,1,1,66780,7420,14840,44520,8,24,1996,0
56,36,735844,7225,1,0,500,1533.07,0,609336,1,3,4,8,3,0,-28800,19,2,2,0,3,0,6,544,13,1,2,1,2,1,58500,0,6500,52000,5,13,2001,0
286,41,710741,4246,0,0,500,1106.77,0,603320,0,1,9,9,2,45500,-62500,56,1,0,3,3,6,1,470,3,1,0,2,0,0,5000,500,500,4000,4,30,2003,0
286,41,507545,3236,0,1,1000,1298.85,6000000,435967,0,2,11,4,2,71300,-70300,3,0,1,0,0,1,1,436,16,3,0,1,3,1,54450,6050,12100,36300,10,1,2007,0
64,29,796375,7938,2,1,2000,1202.28,0,479327,1,2,3,6,2,0,-61400,11,2,3,1,0,5,2,290,4,1,0,1,2,0,43700,4370,4370,34960,9,29,2007,1
75,27,143924,1413,2,0,1000,1141.1,0,468515,1,3,1,12,2,0,0,58,0,3,1,3,4,2,187,15,2,0,0,1,1,71640,5970,11940,53730,12,18,2008,0
246,44,996850,1866,2,0,1000,1397.0,0,614521,1,2,6,15,1,0,0,2,2,2,1,2,1,0,499,6,1,1,1,0,0,61740,6860,6860,48020,0,23,1997,0
463,57,407958,539,0,1,500,1063.67,0,463356,1,5,8,7,5,0,0,33,2,1,1,3,1,6,104,14,1,1,2,0,1,59400,6600,6600,46200,4,27,1995,0
303,46,832300,5466,1,0,1000,709.14,0,450184,1,5,6,11,0,0,0,42,0,2,1,1,1,4,75,3,3,1,1,0,0,54890,9980,4990,39920,12,11,2006,0
56,42,655356,2353,0,1,500,1339.39,0,471786,0,0,0,5,1,0,0,55,2,2,2,2,1,1,217,13,1,0,1,2,1,61490,11180,11180,39130,2,37,1998,0
75,27,831053,921,1,1,1000,1202.75,0,602289,1,2,5,2,1,57900,-90100,20,0,1,1,3,4,4,652,23,3,1,0,2,1,79560,6630,13260,59670,13,28,2003,0
131,33,432740,255,0,0,2000,1081.17,0,445120,1,4,11,19,5,0,-65200,27,1,0,1,3,1,3,159,3,1,0,0,1,0,4900,490,490,3920,12,9,2010,0
153,34,893853,1492,0,1,500,991.39,0,449260,1,2,12,13,2,45600,-61400,57,0,3,2,2,6,6,113,0,3,0,1,0,0,77770,14140,14140,49490,9,29,2000,0
438,57,714346,616,2,2,500,1119.29,0,616164,0,4,6,5,0,0,0,14,2,3,1,3,4,2,402,14,1,0,0,0,0,40700,4070,4070,32560,13,28,2000,1
87,27,326289,5089,2,0,500,1048.39,0,620962,0,5,13,14,3,0,0,43,2,3,1,3,1,5,412,2,1,0,2,1,1,34650,6300,3150,25200,5,14,1996,0
206,42,779156,1352,0,2,1000,1230.76,0,470488,1,2,6,19,4,0,-74200,2,2,2,0,1,5,2,490,2,1,0,1,1,0,78980,7180,14360,57440,10,1,1997,1
127,31,856153,4546,2,2,500,1255.02,0,462250,1,0,11,15,1,58200,0,12,1,0,1,3,4,5,135,10,1,2,1,0,0,6160,560,1120,4480,9,35,1996,0
422,60,473338,7596,1,0,1000,1555.52,0,436408,0,4,6,10,3,43600,-67800,44,2,1,0,0,0,4,577,11,1,2,1,1,0,85250,15500,7750,62000,8,12,1999,0
303,50,521694,2592,0,0,2000,836.11,5000000,464230,1,5,11,4,1,0,0,19,0,3,0,1,4,6,641,1,4,2,1,2,0,72840,12140,6070,54630,4,27,2010,0
228,40,136520,2590,1,0,500,1450.98,0,478609,1,0,3,0,0,43700,0,17,1,0,3,3,6,3,268,20,1,0,0,2,0,6050,1100,1100,3850,12,9,2010,0
239,39,730819,203,1,1,2000,625.08,0,437156,0,3,10,10,5,44200,-37000,2,2,1,0,1,4,5,118,10,1,1,2,3,1,87890,15980,7990,63920,2,38,2014,1
330,47,912665,8887,0,0,2000,1133.27,0,432218,0,2,2,5,5,0,-56400,59,0,3,2,2,1,4,420,20,2,0,0,2,1,60500,11000,5500,44000,5,14,1999,1
128,35,469966,5290,1,2,500,1366.6,0,620493,0,4,6,11,2,0,0,0,0,1,1,1,1,1,557,10,3,0,2,1,0,88220,16040,16040,56140,3,25,2008,0
147,37,952300,7127,2,2,1000,1439.9,6000000,475391,0,0,9,18,0,0,-48400,28,0,2,2,2,4,6,281,2,2,1,1,2,0,53680,9760,4880,39040,0,23,2004,0
287,45,322609,6368,2,2,1000,1230.69,0,440720,1,5,13,9,1,0,-54600,9,2,1,1,1,5,6,207,19,1,1,0,2,0,53800,5380,5380,43040,0,23,2006,0
142,29,890280,7302,2,0,2000,1307.68,0,606942,0,4,2,7,0,0,-48500,28,2,2,0,3,1,1,47,10,1,2,1,2,0,54360,4530,9060,40770,8,12,1995,1
162,35,431583,3761,0,2,2000,1124.69,0,446971,0,5,5,3,0,0,0,50,2,3,0,3,6,0,528,14,1,2,0,3,1,54340,9880,4940,39520,12,9,2001,0
140,35,155912,6628,2,0,1000,1520.78,0,470538,0,2,2,5,5,0,-42900,20,1,0,3,3,4,1,165,5,1,0,0,2,1,2860,520,260,2080,3,34,1997,1
106,28,110143,100,2,0,2000,1609.11,0,601177,1,2,2,14,3,0,0,17,3,0,1,3,6,2,621,8,1,2,2,1,1,5490,0,1220,4270,10,3,1999,0
34,34,409074,782,2,2,500,1295.87,0,438529,0,6,8,5,0,0,0,12,0,3,0,0,0,1,223,4,3,0,1,0,0,50800,5080,5080,40640,1,4,1997,1
182,38,606037,7013,2,2,2000,1441.06,0,435534,0,5,1,12,0,53800,-78300,7,2,3,2,3,1,5,488,18,1,0,2,3,1,89650,8150,16300,65200,4,30,2005,0
362,55,636843,6883,2,0,1000,1097.99,0,442239,0,3,7,0,4,44400,-71500,47,0,2,2,3,1,2,301,0,3,1,0,3,0,39690,0,0,39690,11,21,1998,0
143,32,111874,3812,0,2,1000,1464.42,0,468986,0,2,3,9,0,79900,0,14,2,2,0,0,4,6,162,1,1,0,2,0,0,62260,5660,5660,50940,10,1,1995,0
183,38,439844,8901,0,1,500,1543.68,0,606988,0,5,9,13,1,20200,0,23,2,3,0,3,0,2,354,17,1,1,0,1,1,51920,9440,4720,37760,1,4,2001,1
249,43,577858,232,2,0,2000,1148.58,0,475524,0,4,0,9,1,0,-71200,46,0,2,2,1,4,0,379,4,3,2,2,1,1,57100,5710,5710,45680,6,8,2014,0
235,40,682754,2081,0,2,500,1398.94,0,613399,1,1,2,3,0,0,0,23,2,3,1,0,1,5,229,11,1,1,1,2,0,68300,6830,13660,47810,11,15,2003,0
103,27,658816,6532,1,0,1000,1537.33,0,468470,0,1,5,2,0,0,-74800,50,0,1,1,3,1,6,369,11,3,2,1,1,0,77700,7770,15540,54390,7,36,2008,0
109,29,488464,6091,2,0,2000,1007.28,6000000,457727,0,2,0,12,0,0,0,51,0,3,1,3,1,5,54,17,3,1,1,3,1,91080,16560,16560,57960,7,36,1995,0
2,20,480094,4789,1,2,1000,1189.98,4000000,613327,0,2,2,9,2,0,-54700,31,2,3,1,2,6,1,65,22,1,1,1,3,1,48360,4030,8060,36270,1,5,2000,0
198,34,263108,4870,2,1,1000,1576.41,0,614941,1,0,5,11,2,0,-55100,55,2,3,0,2,6,2,433,18,1,2,1,1,1,95000,9500,9500,76000,5,14,2001,0
107,32,298412,4482,2,0,500,1172.82,4000000,440680,1,0,6,19,2,82100,0,54,3,0,3,3,4,0,620,8,1,0,1,3,0,3900,780,390,2730,5,14,2010,0
252,39,261905,5145,0,2,500,1312.22,9000000,609949,1,2,13,6,2,0,-33300,51,0,1,1,2,0,5,275,15,3,0,0,3,0,59400,11880,5940,41580,7,17,2010,1
101,32,223404,4379,0,1,500,895.14,0,439964,1,3,11,18,2,52600,-30400,9,2,1,1,0,4,1,95,4,1,0,0,3,1,43600,8720,4360,30520,11,21,2010,0
446,57,991480,1047,1,0,2000,1373.21,0,478486,1,1,0,17,4,42700,-64900,44,0,1,2,3,4,4,635,10,3,1,0,0,0,62800,6280,12560,43960,7,36,2012,0
172,33,100804,8063,0,0,1000,1459.96,6000000,600127,0,2,0,15,5,41300,-42000,6,0,3,2,0,1,3,537,15,3,1,0,1,0,41690,7580,7580,26530,10,3,1999,0
316,46,941807,7819,2,0,500,1219.94,7000000,431968,0,5,9,13,5,0,-51000,57,2,3,1,0,1,0,376,13,1,0,0,1,1,63100,6310,12620,44170,0,33,2000,0
344,51,437442,6726,0,0,1000,959.83,0,435809,0,5,11,13,1,0,-38700,32,0,3,0,1,1,3,371,18,3,0,2,2,1,75400,17400,11600,46400,2,38,2006,1
204,40,942106,1311,2,1,2000,1767.02,0,453193,1,3,6,10,0,0,-49300,57,2,2,2,0,4,0,206,7,1,2,1,1,0,46200,4200,8400,33600,1,5,1997,0
278,47,794951,6659,1,2,500,1285.01,0,459630,1,5,6,17,1,0,-39800,32,2,2,0,0,5,2,296,21,1,1,2,2,1,58500,5850,5850,46800,12,9,2010,0
434,57,182450,3800,2,2,2000,1422.95,0,608982,1,3,13,3,0,0,0,16,0,2,0,2,4,1,408,15,3,1,1,3,0,66240,11040,11040,44160,9,26,2003,0
61,25,757644,2924,1,0,2000,988.06,0,460579,0,5,7,7,1,0,0,35,0,2,1,0,6,3,522,1,3,2,1,0,0,32320,4040,4040,24240,4,30,2000,0
25,38,944953,2140,2,1,1000,1540.91,7000000,608807,1,1,0,14,5,40900,0,54,3,0,3,3,5,3,32,0,1,1,1,1,1,4320,480,960,2880,12,11,1995,0
32,29,108270,4577,2,0,500,1446.98,0,436560,1,4,0,17,3,0,-45700,41,0,1,1,0,1,0,601,11,3,2,2,0,0,57970,10540,5270,42160,10,2,2006,0
148,30,774303,4459,2,0,500,1471.24,0,601574,0,5,4,4,3,57500,-93600,14,0,3,1,3,0,5,9,4,3,1,2,2,0,32480,4060,4060,24360,4,27,1997,0
222,38,698470,6716,1,0,2000,1157.97,0,433853,1,4,6,10,1,0,-64500,52,2,1,2,3,1,2,214,20,1,0,2,2,1,60480,6720,6720,47040,0,33,2001,0
32,38,719989,1531,0,1,2000,566.11,5000000,453164,1,0,1,14,4,0,0,20,1,0,3,3,0,6,614,22,1,2,0,0,0,2640,440,440,1760,6,8,2015,0
78,27,309323,763,2,2,500,1060.88,0,613931,1,3,7,16,2,0,-66500,33,1,0,3,3,4,3,570,4,1,1,0,3,0,6050,550,1100,4400,13,28,2009,0
238,43,444035,2296,2,1,1000,1524.45,4000000,607458,1,2,5,5,5,0,-44800,46,0,2,2,0,0,2,169,21,4,1,0,0,0,42700,4270,4270,34160,10,1,1995,1
313,47,431478,8467,1,1,1000,1556.17,0,463835,1,1,9,15,5,63900,-53300,37,2,1,0,0,4,2,160,20,1,2,1,3,0,40260,3660,7320,29280,0,23,1996,1
190,35,284836,6857,1,1,500,1484.72,5000000,432699,0,2,12,9,0,0,0,32,1,0,3,3,1,5,337,4,1,1,0,1,0,3840,640,320,2880,10,1,1998,0
290,47,885789,6750,1,1,1000,1393.34,0,472922,1,2,3,3,2,0,-61400,14,0,3,1,0,6,3,284,20,3,2,1,3,1,56160,6240,12480,37440,1,5,2002,0
254,41,496067,2155,0,1,500,1581.27,5000000,603827,0,6,5,16,3,42200,-48000,6,2,1,1,3,1,5,136,8,1,2,2,2,0,63470,5770,11540,46160,2,38,1999,0
199,38,206004,607,0,1,1000,1281.25,0,467780,0,2,12,12,2,0,-53100,34,2,1,0,3,6,1,575,6,1,0,0,2,0,44440,8080,4040,32320,2,38,2007,1
137,35,153027,7348,1,1,500,1667.83,0,460586,1,3,9,13,0,48500,-67400,34,1,0,1,3,6,4,247,4,1,2,1,1,0,6600,1200,1200,4200,7,17,2005,0
134,36,469426,169,2,1,1000,1497.41,0,613842,1,6,6,11,0,14100,-44500,24,0,3,1,0,6,4,497,17,3,1,2,0,1,77200,9650,9650,57900,5,13,1996,0
73,30,654974,7043,2,0,500,803.36,0,435371,0,2,10,15,0,0,0,55,0,2,2,2,6,6,264,15,3,0,0,0,1,57000,0,11400,45600,1,4,2013,0
289,45,943425,3561,2,1,2000,1221.41,0,466289,0,5,4,12,5,46700,-72500,57,3,0,3,3,6,5,559,9,1,1,2,1,0,2700,300,300,2100,6,6,2006,0
176,36,641845,1888,2,1,500,1865.83,5000000,436173,1,1,13,11,4,32800,-50600,41,2,2,2,3,6,2,462,17,1,0,2,1,1,47300,4300,8600,34400,13,20,2006,0
164,31,357808,7674,1,2,500,1114.68,0,474758,0,0,7,15,0,44500,-55900,25,3,0,3,3,4,6,538,5,1,2,1,0,0,4320,480,480,3360,8,12,2002,0
162,33,790225,343,2,1,500,964.92,0,601581,0,0,3,0,2,45700,0,39,0,2,0,1,1,2,116,17,4,1,2,1,0,35300,3530,3530,28240,8,12,1996,1
270,41,639027,1606,0,1,1000,817.28,0,460263,1,2,11,6,4,62200,0,2,0,2,2,0,4,1,227,17,3,0,1,1,0,60190,4630,9260,46300,8,24,2014,1
168,39,217899,1598,0,2,1000,1389.59,0,479134,0,5,6,8,3,0,-42600,54,0,2,0,1,1,3,344,23,3,2,1,3,0,41580,3780,7560,30240,3,25,2015,1
274,45,589094,4868,1,1,1000,1353.53,0,451467,0,3,12,6,4,54700,-47900,13,2,3,1,0,1,1,130,13,1,2,0,0,0,58500,11700,0,46800,0,23,1995,1
263,43,458829,2352,1,2,1000,1294.04,0,602670,0,5,5,12,1,0,0,7,2,2,1,1,4,5,33,17,1,2,2,3,1,79320,13220,6610,59490,9,35,1997,0
234,44,442494,4513,1,2,500,1780.67,0,465942,1,0,7,8,2,0,0,49,2,3,0,0,0,6,389,3,1,1,1,0,0,70200,7020,7020,56160,5,14,2012,1
64,30,159243,600,0,1,2000,1681.01,0,446174,1,3,10,0,3,0,-51100,37,1,0,1,3,4,5,134,16,1,1,2,1,0,4900,490,1470,2940,7,36,2015,0
456,62,669800,7088,2,1,1000,1395.77,0,611651,0,4,10,5,3,82600,-49500,37,0,3,0,2,3,2,313,13,3,0,1,3,0,66480,5540,11080,49860,10,1,2012,1
58,23,520179,853,2,2,2000,1471.44,5000000,446657,1,2,13,15,3,57500,0,19,2,2,0,1,0,5,366,8,1,1,2,1,0,50380,4580,9160,36640,3,34,2007,1
96,29,465065,6175,1,1,1000,1274.7,5000000,618493,1,1,9,10,2,47500,-58700,10,0,2,0,0,0,6,280,15,3,2,2,3,1,55400,5540,11080,38780,3,32,2004,1
99,28,369941,6387,2,0,500,1330.39,0,612664,1,4,9,1,5,0,0,21,2,1,2,2,1,1,562,3,1,1,2,2,1,49900,4990,9980,34930,4,27,1998,0
38,28,447226,1663,2,2,500,1122.95,4000000,473653,1,5,8,9,2,78000,0,53,0,3,1,0,6,4,391,4,3,1,0,3,1,74880,12480,12480,49920,0,33,2000,0
259,44,831668,2265,2,1,2000,1655.79,0,454529,0,5,3,8,0,0,0,14,2,1,1,2,1,3,149,8,1,2,0,0,1,105820,16280,16280,73260,1,4,2002,0
241,43,922937,1049,1,1,1000,935.77,0,437422,1,0,9,9,3,0,-36000,50,3,0,3,3,3,3,574,21,1,1,1,0,1,7150,1300,650,5200,13,20,2003,0
437,58,640474,7491,1,2,2000,1192.04,0,619470,1,0,2,7,3,66100,-31400,18,2,1,2,0,4,4,461,23,1,2,0,0,0,55800,11160,11160,33480,4,30,2004,0
130,34,153298,6995,2,0,500,990.11,0,442666,1,5,11,11,2,0,-41200,9,1,0,3,3,1,5,569,8,1,0,1,3,1,5830,1060,1060,3710,4,30,2015,0
269,41,334749,2375,2,0,2000,1422.21,0,620507,0,0,5,14,4,0,-46400,15,2,3,0,0,6,5,291,21,1,2,2,1,0,85900,17180,17180,51540,11,15,2005,1
103,29,221283,1669,2,2,500,914.85,0,614867,1,0,9,0,2,72100,0,42,1,0,1,3,2,1,174,5,1,1,2,3,0,7110,790,1580,4740,0,23,2005,0
284,43,961496,708,0,1,500,1123.84,0,609898,1,6,9,11,2,48200,0,22,0,3,2,1,6,1,619,12,3,1,0,0,1,36960,6720,3360,26880,3,34,2007,0
189,39,804751,2784,2,1,2000,838.02,0,450702,0,1,12,12,3,0,0,43,0,2,1,3,5,4,52,7,3,0,2,0,1,64400,6440,6440,51520,4,27,1997,0
267,43,369226,4397,2,1,500,1300.68,0,600418,1,6,0,17,4,49000,0,26,1,0,1,3,0,3,244,0,1,1,1,3,1,1920,480,0,1440,3,34,2011,0
39,22,691115,1097,1,2,500,1173.21,0,431202,1,3,4,14,1,0,0,44,2,2,0,3,4,3,273,14,1,2,0,1,1,86130,15660,7830,62640,11,21,2009,1
243,41,621756,2641,1,0,1000,1129.23,0,470190,0,1,4,4,3,17300,-60400,53,2,1,0,1,6,2,225,1,1,0,1,0,1,50300,10060,5030,35210,11,21,1999,1
116,31,615116,6861,1,1,500,1194.83,0,603733,0,4,9,4,0,28600,0,19,2,3,0,3,4,5,73,23,1,1,0,0,0,44200,4420,8840,30940,11,15,1997,0
219,43,947598,4527,1,0,1000,1114.29,0,465136,0,2,13,14,2,51300,0,7,2,3,0,0,5,4,267,1,1,0,2,2,1,66660,6060,6060,54540,12,18,2006,0
96,26,658002,5746,2,1,2000,1509.04,0,611723,0,0,9,3,0,10000,0,53,2,1,2,0,4,5,53,9,1,2,2,3,0,78320,7120,14240,56960,10,1,2007,0
149,34,374545,5692,1,1,500,664.86,0,608963,0,6,2,16,5,0,-60000,34,2,2,2,1,6,1,306,3,1,0,0,1,0,105040,16160,16160,72720,4,30,1999,0
293,45,235097,822,0,0,1000,1119.23,0,447560,0,4,3,8,4,51500,0,48,0,1,2,1,6,3,558,13,3,1,1,1,0,51210,11380,5690,34140,7,36,2015,0
160,33,180286,6952,0,2,1000,1422.78,0,616583,0,2,3,8,0,61600,0,19,0,1,2,0,0,5,67,17,3,0,2,3,1,52800,5280,5280,42240,9,29,2006,0
224,42,662088,5517,2,2,500,1212.75,0,455913,0,1,9,11,3,0,-51400,26,2,1,1,1,6,6,383,11,1,0,0,0,1,55200,9200,13800,32200,6,10,1998,0
194,34,884365,1571,1,0,1000,1423.34,0,454399,1,0,11,4,1,55300,-37900,20,3,0,1,3,6,5,542,0,1,2,0,3,0,9100,1400,1400,6300,3,25,2003,0
100,33,507452,5559,2,1,500,1124.59,6000000,459428,1,1,0,9,1,67300,0,56,2,2,1,2,0,1,294,4,1,1,1,2,0,40800,6800,6800,27200,2,37,2004,0
371,50,990624,1475,1,1,1000,1569.33,0,613114,1,6,6,2,1,79600,0,28,0,3,0,2,6,6,145,2,3,1,2,1,1,84500,13000,13000,58500,13,28,2011,1
175,39,892148,1887,1,2,500,1359.36,5000000,450709,1,6,3,10,0,0,-43600,38,0,1,0,2,4,0,591,9,3,2,2,2,1,71610,13020,6510,52080,12,18,2012,1
373,55,398683,6302,1,1,500,1607.36,0,444626,1,4,11,19,3,0,0,18,0,2,0,2,4,0,554,21,4,0,0,2,0,60600,6060,12120,42420,4,30,2007,1
258,41,605100,4037,0,0,500,1042.25,0,601206,1,5,3,15,4,0,-44400,38,0,2,0,1,0,5,131,0,3,1,2,3,0,81240,6770,20310,54160,8,7,2008,1
255,39,143109,4181,2,1,500,1453.95,0,470389,0,6,1,3,1,38200,0,6,0,3,2,1,6,6,176,17,3,2,0,3,0,29300,2930,5860,20510,1,4,2010,0
37,31,230223,6797,0,2,500,1969.63,0,615218,0,4,11,16,3,0,0,43,0,3,2,1,6,3,41,21,3,1,1,1,1,76450,6950,13900,55600,4,30,1995,0
76,31,973546,6255,2,2,500,1493.5,5000000,442335,0,0,8,12,1,39900,-44000,30,3,0,1,3,6,4,233,7,1,1,2,1,0,8030,1460,730,5840,8,12,1995,0
193,40,608039,5449,0,0,500,1155.38,0,604952,0,6,5,12,1,34200,-32300,27,2,3,1,1,1,1,409,6,1,1,0,0,1,63900,6390,6390,51120,0,33,2001,0
405,55,250162,3446,0,1,500,878.19,0,441533,1,6,6,9,4,57100,0,59,0,2,1,1,0,3,456,2,4,2,0,2,0,38640,4830,4830,28980,3,34,1997,0
435,58,786432,2849,1,0,2000,1145.85,0,471784,1,3,11,12,1,0,-40000,9,0,2,2,2,1,1,212,19,3,0,1,1,1,41490,9220,4610,27660,8,12,2004,0
92,32,482495,2924,0,2,500,1592.41,0,474324,1,5,9,19,0,58900,-29100,36,2,2,2,0,6,1,340,22,1,0,2,3,1,53400,5340,5340,42720,7,36,1996,0
173,36,796005,6412,2,1,1000,1274.63,0,441298,1,1,6,1,4,51000,0,38,2,2,2,1,4,6,646,22,1,2,2,3,0,52030,9460,9460,33110,0,23,1995,0
436,60,910604,808,1,1,500,1362.31,0,446606,1,2,9,3,5,67600,-65300,12,2,1,1,0,5,0,505,16,1,1,0,2,0,82060,14920,7460,59680,10,2,2005,0
264,43,516959,7399,0,0,500,1508.12,6000000,433275,1,6,2,1,5,0,0,19,0,2,0,2,1,1,308,0,3,0,2,1,0,60750,13500,6750,40500,7,36,2015,1
66,30,984456,4896,1,2,500,484.67,0,608309,0,1,0,13,5,21100,-60800,23,0,1,0,1,4,0,129,2,3,0,0,2,1,65560,11920,11920,41720,13,28,2015,1
366,50,801331,162,1,2,1000,1561.41,0,462767,0,2,5,1,0,21200,0,3,0,2,1,3,1,0,57,5,3,2,1,3,0,70290,12780,12780,44730,8,7,2012,0
188,37,786103,1701,2,0,500,1457.21,0,471785,0,3,0,10,3,46300,0,16,2,2,2,0,4,1,324,6,1,0,2,0,1,45000,5000,5000,35000,11,15,2003,0
253,46,247505,5926,0,0,500,1358.2,0,477636,0,4,13,12,0,52900,0,44,0,1,0,0,1,1,235,11,3,2,0,0,0,64570,5870,11740,46960,7,36,2001,0
446,61,259792,3357,0,0,1000,1232.79,0,441967,0,2,0,15,4,49900,-62100,6,2,2,1,2,5,6,348,3,1,2,2,0,1,70500,7050,14100,49350,11,15,2007,0
169,37,185124,4332,0,0,1000,936.19,0,454776,1,3,1,12,2,70600,-48500,32,0,3,2,3,4,4,452,4,3,0,2,1,1,57900,17370,5790,34740,1,5,2005,0
255,46,760700,6146,0,1,500,1302.34,0,431532,0,3,9,18,3,0,-52600,11,0,1,1,1,6,4,24,2,3,1,1,0,0,57860,5260,10520,42080,13,20,2011,0
209,39,362407,2505,1,0,500,1264.99,0,614169,1,6,13,14,0,67800,0,0,2,3,1,1,5,4,168,22,1,0,1,1,0,37800,8400,4200,25200,3,32,1995,0
210,37,389525,8200,2,2,500,1467.76,0,601425,0,4,12,10,3,38700,-33100,52,2,1,2,0,1,3,144,8,1,0,1,3,1,63300,6330,6330,50640,12,18,2000,0
174,33,179538,8836,1,1,2000,1124.43,0,477346,0,1,4,13,3,0,0,15,0,2,2,0,6,4,60,14,3,2,0,1,1,44200,8840,4420,30940,10,2,1995,0
70,28,265437,5005,0,1,1000,1319.81,0,613587,1,2,6,19,0,67200,-59400,27,0,3,1,3,6,0,573,14,4,1,1,0,1,31680,3520,3520,24640,12,9,2006,0
458,61,921851,1045,1,0,1000,1328.18,0,617699,0,2,10,3,2,53000,0,55,2,1,1,1,6,1,201,18,1,1,2,1,0,56340,6260,6260,43820,13,28,2003,0
239,40,488724,5420,1,0,500,1463.95,0,430567,0,3,11,16,3,0,0,41,0,2,2,3,0,6,253,20,3,0,0,0,1,69740,6340,6340,57060,4,27,2003,0
161,38,192524,5088,0,0,2000,1133.85,0,439870,1,6,8,8,1,60200,0,2,0,1,2,3,6,6,88,0,3,2,2,2,1,60480,5040,15120,40320,13,20,2003,0
446,61,338070,5842,1,2,1000,1037.32,0,438837,0,2,12,16,5,0,-15700,29,0,2,1,3,0,2,312,1,3,0,2,1,0,80880,6740,13480,60660,9,35,2005,0
476,61,865607,1177,1,1,1000,1562.8,0,458997,0,5,5,7,1,42800,-68200,17,2,1,2,1,6,2,500,10,1,0,1,2,1,49390,8980,4490,35920,11,21,2009,0
122,33,553436,492,0,1,500,1236.5,0,619620,1,6,7,3,0,0,-48700,42,1,0,3,3,1,2,536,1,1,1,0,1,0,5060,460,920,3680,9,35,2003,0
335,48,440616,2048,0,2,2000,1017.97,0,441671,0,4,6,5,5,59900,-34800,49,0,1,2,3,6,1,551,21,3,1,0,0,1,35860,3260,6520,26080,2,37,2005,1
85,27,753452,2369,0,2,2000,1174.14,0,602416,1,1,8,7,4,50400,-61500,32,0,2,1,1,1,3,64,14,4,2,0,0,0,59070,10740,5370,42960,12,9,2012,0
119,34,594783,8007,0,1,500,1299.18,0,463271,0,1,12,10,5,57100,0,7,2,1,0,1,2,6,466,7,1,2,2,1,1,45540,8280,8280,28980,6,10,1998,1
169,34,725330,2367,1,0,500,1469.75,0,458132,0,3,11,15,1,0,-57600,15,2,2,1,1,5,0,25,0,1,0,0,0,1,38700,7740,3870,27090,13,28,2012,0
225,39,607259,2263,2,1,500,1390.72,0,448949,1,5,12,13,2,83900,-52100,50,1,0,3,3,4,4,518,6,1,2,2,1,1,5830,1060,530,4240,9,29,2011,0
169,39,865201,4283,2,0,2000,1140.15,0,608929,1,2,1,8,0,0,-36800,18,0,2,2,3,5,5,69,9,3,2,0,3,0,46200,4200,8400,33600,11,21,2015,0
124,32,140977,6047,1,0,1000,1310.71,0,469875,0,5,4,11,5,29300,0,55,2,3,2,0,1,1,616,23,1,2,0,1,0,57700,5770,5770,46160,12,9,2003,0
320,48,787351,8492,0,1,2000,1730.49,7000000,443342,1,1,13,10,1,46300,-41700,23,0,1,1,1,6,4,563,13,3,1,2,0,0,56160,4680,9360,42120,10,3,1995,0
297,47,272330,7246,1,1,500,1616.65,7000000,456363,1,4,0,12,4,0,-59500,15,0,3,2,1,6,1,2,0,3,0,0,3,1,44400,5550,5550,33300,7,17,1999,0
136,33,804608,4458,2,1,1000,855.14,0,458582,0,6,2,13,1,37900,0,3,2,3,1,1,0,4,429,23,1,2,0,1,1,30700,3070,6140,21490,12,11,2015,0
140,36,753056,461,1,1,500,1363.59,0,468303,0,3,1,11,1,43200,0,38,0,2,1,2,1,5,8,10,3,0,2,0,1,79500,7950,7950,63600,3,34,2000,0
200,34,910365,4344,1,1,1000,828.42,3000000,467762,0,1,9,1,2,0,0,21,2,1,2,3,1,0,241,10,1,0,2,2,0,56000,5600,5600,44800,3,25,2009,0
123,29,379268,8226,1,1,500,1209.63,0,447188,0,5,6,5,1,64800,-44200,13,2,2,1,0,0,0,540,17,1,2,1,0,1,73260,16280,0,56980,13,20,2014,1
267,46,362843,5308,2,1,2000,1111.17,0,469438,1,4,2,0,4,35000,0,33,1,0,3,3,6,0,278,3,1,2,2,3,1,4950,900,450,3600,12,9,1995,0
290,42,135400,8759,1,2,500,989.97,0,462519,1,5,6,11,3,32500,0,19,2,2,1,0,6,2,188,10,1,1,0,1,0,48000,4800,9600,33600,10,3,2013,0
45,37,798579,7996,1,1,1000,1114.23,0,432534,1,1,9,7,5,0,0,0,2,3,0,1,4,0,320,1,1,2,0,1,1,52200,10440,5220,36540,9,29,2005,0
135,34,824116,3020,0,1,2000,1687.53,0,465674,0,3,10,0,2,0,-69600,22,2,3,2,1,0,3,112,7,1,0,1,2,0,78200,15640,7820,54740,1,4,2009,0
110,33,322613,1905,1,1,1000,1183.48,0,442389,1,0,7,3,0,0,0,25,2,2,0,0,5,3,81,19,1,0,2,3,0,55200,13800,9200,32200,10,2,2015,1
259,43,871305,748,0,2,2000,1537.13,0,471614,0,6,5,11,3,0,-58300,1,0,3,2,2,1,3,252,3,3,1,0,2,1,57060,6340,6340,44380,5,16,2012,0
114,30,488037,6374,2,1,1000,1173.25,0,442936,0,5,10,7,0,0,-34700,55,3,0,1,3,6,0,246,3,1,1,0,3,1,4680,520,520,3640,3,25,2013,0
404,56,485813,7375,1,1,1000,1361.16,4000000,437944,0,5,13,6,1,0,-63700,14,2,1,1,0,5,2,121,23,1,1,2,0,1,53100,5310,5310,42480,0,23,2005,1
282,48,886473,407,2,2,2000,1422.56,7000000,473705,0,4,9,18,0,26900,-55300,39,3,0,1,3,6,6,122,7,1,0,1,2,0,3520,640,320,2560,0,23,2013,0
57,25,907113,2184,0,2,2000,1143.06,0,469363,0,5,12,7,3,63100,-54100,15,0,1,2,0,5,5,459,0,3,1,0,1,1,72900,14580,14580,43740,9,26,2010,0
215,38,833321,7338,1,1,500,1405.71,0,465376,0,6,2,4,4,0,0,31,2,2,2,3,4,0,649,10,1,0,0,1,0,70700,7070,14140,49490,13,28,2008,0
386,53,630683,6478,2,1,500,1078.65,0,615730,1,3,2,4,1,36800,0,2,2,1,1,3,6,3,22,16,1,0,2,3,1,66660,12120,6060,48480,6,10,2006,0
197,41,500639,2343,2,2,1000,1324.78,0,478640,0,6,9,1,1,0,-64500,9,2,1,0,3,0,4,576,6,1,1,2,2,1,76400,15280,7640,53480,13,20,1997,1
166,37,352120,1779,1,1,500,1518.54,0,470510,0,4,2,11,1,0,0,24,2,2,2,0,3,5,199,10,1,2,1,1,0,58300,10600,10600,37100,5,14,2001,0
105,28,866805,2146,2,1,500,1082.36,0,452216,0,0,9,9,3,0,0,23,0,2,0,1,4,5,633,12,3,1,2,2,0,60500,12100,6050,42350,1,5,1995,0
97,26,951863,2831,2,1,1000,1270.55,0,478532,1,5,10,5,4,0,-72100,19,0,3,2,2,0,5,467,10,3,2,2,3,0,84920,7720,15440,61760,7,36,2006,1
148,36,211578,2168,0,2,1000,1236.32,5000000,616929,0,4,0,10,3,55100,0,9,2,3,2,3,3,4,179,0,1,1,2,0,0,61050,5550,11100,44400,4,27,2009,0
295,46,863749,7252,1,1,500,1265.84,0,605743,0,3,9,13,3,52200,-44500,15,3,0,1,3,5,0,63,10,1,2,1,3,1,4560,760,380,3420,9,29,2007,0
132,32,684653,2849,2,1,2000,1106.84,0,464362,1,6,7,15,5,43100,-31900,6,3,0,1,3,4,5,257,21,1,2,1,1,1,5600,1120,560,3920,11,21,2005,0
257,43,797636,843,1,0,1000,974.84,0,468984,0,3,13,11,2,52100,0,56,2,2,2,3,5,3,97,0,1,1,0,1,1,85320,21330,7110,56880,9,29,2006,0
9,24,326180,4501,0,0,2000,1304.46,0,473349,0,6,6,9,2,51700,-33300,30,3,0,3,3,0,0,438,6,1,1,0,3,1,5940,540,1080,4320,1,5,2001,1
234,43,965187,58,2,1,500,1257.04,0,448294,1,0,10,15,3,0,-48800,59,2,2,0,3,4,4,454,4,1,1,2,2,1,51600,10320,5160,36120,4,27,2011,0
233,39,728839,3993,2,2,2000,1524.18,0,605220,1,3,2,15,4,0,0,7,0,2,1,1,4,4,595,20,3,0,1,0,1,48870,5430,5430,38010,10,3,1999,0
427,60,953334,5789,1,0,1000,1178.61,7000000,446608,1,4,2,2,3,0,-54400,50,2,3,0,0,1,6,599,23,1,2,1,2,1,90860,12980,19470,58410,13,20,2004,1
380,53,369781,7788,0,1,2000,1166.62,6000000,602500,1,0,8,3,5,0,0,54,1,0,3,3,0,3,583,23,1,1,0,3,0,5700,570,570,4560,10,2,2001,0
13,21,990998,6108,1,0,1000,1556.31,0,463809,1,0,9,9,1,0,-75000,18,0,3,2,3,1,2,623,19,3,2,2,0,1,94930,8630,8630,77670,0,31,2014,0
282,43,982678,6017,2,1,500,1452.27,0,611996,1,4,4,18,1,75800,0,7,2,3,0,0,4,3,352,19,1,1,1,2,0,46800,4680,9360,32760,1,5,2007,1
312,47,646069,4515,2,2,1000,1212.07,0,459298,0,4,3,14,5,66900,-51800,59,0,3,2,1,1,3,311,17,3,1,2,3,0,56320,7040,7040,42240,8,24,2000,0
266,46,331683,6956,2,0,2000,1578.54,0,468158,1,0,5,5,0,0,-41400,20,2,1,1,1,6,2,476,18,1,1,1,3,1,83490,7590,15180,60720,9,29,1996,0
198,36,521854,4038,1,1,1000,1096.39,0,603848,1,2,1,11,3,0,0,25,0,2,2,1,4,6,328,11,3,0,1,3,1,49410,5490,5490,38430,1,4,2015,0
290,45,737252,1391,2,2,2000,1215.36,0,617739,1,0,12,15,3,54400,0,30,0,3,1,1,6,3,443,22,3,0,0,1,0,66200,6620,6620,52960,11,19,2012,0
260,46,344480,22,2,0,2000,1482.57,0,607133,1,4,8,15,0,35000,0,50,2,1,1,1,1,1,272,7,1,1,0,1,0,64080,10680,10680,42720,12,9,2005,0
233,43,898519,3767,2,1,1000,954.18,0,437470,0,1,12,7,2,0,0,47,0,3,1,2,4,4,584,17,3,0,2,3,1,42500,8500,4250,29750,9,29,2000,0
230,42,175960,5407,1,0,1000,1023.11,0,476130,0,4,0,9,3,0,-45300,36,0,2,1,2,1,3,37,13,3,1,1,2,1,58850,10700,10700,37450,0,23,1999,0
212,40,489618,4744,0,2,1000,1524.45,0,452438,0,5,7,9,0,73200,0,41,0,3,1,2,1,4,58,17,3,2,0,2,1,82400,8240,8240,65920,9,29,2006,0
218,43,737483,2209,0,1,500,1521.55,0,477856,0,0,8,14,2,61100,-64500,1,2,2,0,1,4,2,213,18,1,0,1,3,1,68200,13640,6820,47740,4,30,2003,1
152,33,695117,4152,1,0,1000,1034.27,0,617721,0,3,1,8,0,0,0,36,2,1,1,1,1,2,154,18,1,1,1,0,0,63900,7100,7100,49700,0,33,2014,0
212,39,167466,7354,2,0,1000,1255.35,0,454176,0,3,10,16,1,60300,-58900,44,0,2,2,0,1,5,218,22,2,1,0,3,1,59300,11860,5930,41510,4,30,2008,0
242,44,664732,4932,0,2,2000,1396.89,6000000,618127,0,1,8,5,2,0,-61600,34,0,1,1,2,4,6,27,15,3,1,1,2,1,66900,6690,13380,46830,11,15,1999,1
133,34,467841,1718,1,2,500,1074.07,0,440833,0,3,9,3,0,70900,-61100,27,1,0,1,3,6,3,546,8,1,1,2,0,1,4200,420,840,2940,7,36,2013,0
290,45,219028,537,2,0,1000,1311.3,0,451550,0,0,6,5,5,38500,0,9,0,3,0,0,1,2,21,23,3,2,0,0,1,52650,5850,5850,40950,5,14,2001,1
322,49,130156,4258,0,1,2000,1277.12,0,431853,0,6,1,11,3,0,-46000,18,2,2,0,0,6,2,426,18,1,0,0,2,1,42240,7680,7680,26880,3,25,2007,0
228,39,762951,8271,1,2,500,1388.62,0,614274,0,3,11,15,0,35200,0,18,2,3,1,2,0,5,339,10,1,2,1,0,1,59490,6610,6610,46270,8,24,1995,0
195,37,376879,530,0,0,1000,1406.52,8000000,619148,1,4,12,0,4,0,0,27,2,3,0,0,4,0,124,12,1,1,0,2,0,44200,4420,4420,35360,7,36,2002,1
144,37,985446,8293,2,1,2000,1896.91,0,460895,0,6,5,17,1,73700,0,23,0,2,0,1,4,1,531,17,3,2,1,3,0,54400,5440,10880,38080,3,32,2015,1
121,34,571462,380,1,2,500,1285.42,0,465440,1,4,8,18,5,0,0,20,2,1,0,1,5,4,36,11,1,1,1,1,0,67300,6730,6730,53840,4,30,2000,1
398,55,815883,521,2,1,2000,1305.26,0,455482,1,4,4,16,5,66200,-49700,7,2,2,0,1,5,2,395,18,1,0,1,3,1,36740,3340,6680,26720,2,37,1998,1
9,30,258265,1534,0,0,1000,1073.83,0,438877,0,2,6,7,1,0,0,32,2,2,2,3,1,4,346,12,1,0,0,0,0,85690,15580,15580,54530,2,0,2011,0
115,31,569714,5790,2,2,1000,1051.67,0,479824,0,0,3,3,1,0,0,59,0,3,0,0,6,5,28,18,3,2,0,3,0,34160,0,4270,29890,1,5,2005,1
141,30,556538,3822,0,1,1000,1851.78,0,465248,0,2,2,8,2,78800,0,39,2,1,2,1,4,5,451,13,1,1,1,0,1,61740,6860,6860,48020,1,4,2002,0
441,55,669501,7123,1,1,500,1270.29,4000000,449421,1,1,1,8,0,24000,-50500,49,1,0,1,3,5,0,656,4,1,1,0,0,0,6400,640,640,5120,6,10,2002,0
381,55,963761,441,2,2,500,1459.99,0,445856,0,4,7,5,5,35900,0,11,2,2,0,1,4,4,481,8,1,2,1,2,1,60600,12120,6060,42420,0,33,2011,0
191,38,753005,5776,0,0,2000,1253.44,0,608525,0,5,2,17,1,0,0,37,0,3,0,0,5,2,455,19,3,1,2,0,0,56320,10240,5120,40960,13,20,2007,0
145,34,454758,113,1,0,1000,1142.48,0,608813,0,3,8,17,2,0,0,12,2,3,2,0,0,3,564,18,1,2,2,0,0,52250,9500,4750,38000,11,21,2012,0
215,35,330119,5253,0,2,1000,1125.4,0,606144,1,5,0,19,0,40000,-43400,14,3,0,3,3,6,1,504,6,1,0,2,1,0,2640,220,440,1980,7,36,2001,0
246,45,272910,3484,1,1,500,1594.37,0,606283,1,0,3,2,3,0,0,17,1,0,3,3,4,5,331,13,1,1,0,3,1,7260,660,1320,5280,10,1,2008,0
237,43,950542,7030,2,1,500,911.53,0,449979,0,6,11,1,0,53200,0,55,2,2,0,3,6,4,315,23,1,1,0,1,0,59200,0,11840,47360,3,25,1998,0
1,33,388616,2139,2,1,2000,1391.63,0,466390,1,0,11,18,0,61200,0,56,2,3,2,2,1,1,547,23,1,2,0,3,0,69400,6940,6940,55520,8,7,2000,0
5,21,577992,4673,1,1,500,915.41,5000000,612316,0,2,3,17,3,0,0,41,2,3,2,3,1,4,543,23,1,2,0,0,0,40500,4050,4050,32400,9,29,1998,0
64,28,342830,651,0,2,1000,1468.82,0,474731,1,3,5,16,2,56800,-51800,43,0,3,1,1,4,5,189,9,3,1,2,1,0,60000,5000,10000,45000,6,6,1997,0
142,30,491170,2909,1,2,500,1412.76,0,603260,1,6,1,1,5,66400,-63700,9,2,3,1,2,6,5,515,22,1,2,2,3,0,67320,11220,11220,44880,13,20,1996,0
97,27,175553,4471,2,2,500,1588.26,0,434370,0,2,12,12,0,56700,-49300,23,0,3,2,2,5,5,509,22,3,2,2,1,1,75690,8410,8410,58870,10,3,2014,0
225,43,221186,5312,2,0,1000,1517.54,0,617883,1,3,8,4,3,0,-20900,8,0,2,0,3,4,1,602,16,3,1,2,0,1,64400,6440,6440,51520,2,37,2011,0
192,38,744557,7699,1,2,1000,1281.43,0,432405,0,5,13,16,1,65100,-50300,29,0,2,2,2,4,3,618,10,3,0,0,2,0,30700,3070,6140,21490,7,36,2010,0
285,48,159536,8409,0,0,2000,1101.85,0,457875,0,1,11,7,5,46100,0,57,2,3,1,3,3,6,152,9,1,1,1,2,1,33480,3720,3720,26040,9,29,2012,0
98,26,727109,4042,1,2,2000,1082.1,0,477268,1,3,3,11,2,0,-30900,35,0,1,2,3,6,3,101,13,2,0,0,1,1,65430,14540,7270,43620,7,36,2001,0
175,36,155604,766,2,2,500,1185.44,0,437580,1,5,3,11,1,44900,-52500,29,0,2,0,3,0,3,249,15,3,2,2,1,1,42680,3880,7760,31040,0,31,2006,1
259,45,608443,6172,0,2,2000,1175.07,0,457121,1,4,2,12,1,30100,0,2,2,3,1,1,6,6,425,23,1,0,1,1,0,87780,7980,7980,71820,6,8,2011,0
140,36,117862,3821,2,2,2000,979.26,0,436364,0,3,13,6,3,0,-67000,59,0,1,0,1,1,5,474,2,4,2,0,2,1,72800,14560,14560,43680,6,6,1998,0
186,38,727443,8556,2,0,500,922.85,0,471148,1,2,0,9,0,70300,-70900,55,3,0,3,3,1,2,335,7,1,0,1,1,1,3600,400,400,2800,6,10,1999,0
229,41,378587,3245,2,1,2000,1107.59,3000000,468202,1,6,12,5,1,65400,0,22,2,3,0,2,1,1,437,23,1,1,1,3,0,62640,10440,10440,41760,8,7,2009,0
214,40,118236,3853,2,0,1000,1648.0,0,608405,1,3,13,0,1,57700,-43500,34,2,2,2,2,6,4,415,17,1,1,1,0,1,44220,8040,4020,32160,0,23,2000,0
178,38,987524,9056,0,1,500,1381.14,0,472253,0,1,7,4,5,0,0,52,0,2,1,2,1,4,336,10,3,1,0,3,0,57200,5200,10400,41600,2,22,2011,0
55,35,490596,7678,0,2,500,1198.44,8000000,438923,1,4,8,14,5,0,0,13,3,0,1,3,6,1,250,9,1,1,0,3,0,3080,560,560,1960,9,35,1998,0
90,31,524215,148,2,1,2000,951.27,0,607131,0,6,7,10,1,42100,0,5,2,2,2,2,4,2,567,2,1,2,1,0,1,75790,13780,6890,55120,0,31,2007,0
135,30,913464,6934,1,2,2000,1341.24,0,601701,0,4,4,16,5,37100,-46500,18,0,2,1,0,6,5,606,18,3,1,0,1,0,32670,5940,2970,23760,6,6,2003,0
277,46,398484,1015,0,1,2000,1177.57,0,469220,0,0,0,18,0,0,-65500,23,3,0,1,3,5,0,555,4,1,0,2,3,0,3870,430,860,2580,7,36,2010,0
211,38,752504,2665,1,1,1000,1055.09,0,433250,0,5,13,18,3,0,0,26,2,1,2,1,1,1,141,12,1,0,0,3,1,91520,8320,16640,66560,2,38,2005,1
156,32,449263,783,0,1,500,1479.48,0,444413,1,5,9,3,4,0,0,12,2,1,0,2,1,4,7,15,1,2,1,3,1,74690,6790,13580,54320,4,30,2008,1
136,32,686522,3987,1,0,500,1169.62,0,458143,0,3,11,19,1,0,0,34,2,3,0,3,4,0,520,6,1,2,0,0,0,55000,10000,10000,35000,12,9,2008,1
310,48,670142,3478,1,0,500,1516.34,0,474167,0,3,0,17,4,11000,0,3,0,2,0,3,4,6,123,11,4,2,0,2,0,59400,13200,6600,39600,10,2,1996,1
243,44,967713,2889,0,1,500,809.11,0,600208,1,3,2,14,2,33200,0,26,0,3,1,2,0,6,609,4,3,0,2,1,1,51400,5140,10280,35980,6,10,1996,0
154,34,840225,3538,2,0,1000,1041.36,0,448436,0,3,8,6,0,53100,-43900,25,0,3,2,2,6,2,480,18,4,0,2,3,1,74360,13520,13520,47320,12,18,2005,1
458,59,535879,6977,1,0,1000,1685.69,0,472236,0,2,10,10,5,31400,0,47,2,1,2,3,5,2,203,23,1,0,2,2,1,71800,14360,14360,43080,7,17,1995,0
308,47,720356,8633,2,0,1000,1013.61,6000000,452349,0,0,2,12,3,45700,-41400,2,1,0,1,3,1,6,240,7,1,0,1,1,1,5590,860,860,3870,11,19,2002,0
108,31,148498,4360,1,1,2000,1112.04,6000000,472209,0,6,7,0,3,52800,-54300,12,1,0,1,3,4,0,487,5,1,1,1,3,0,4290,780,780,2730,13,28,1998,0
421,57,110122,4448,1,1,2000,1206.26,0,459955,0,0,1,3,3,69900,0,30,0,1,1,3,0,0,483,22,3,2,0,0,0,78500,15700,7850,54950,1,4,2015,0
266,42,281388,3092,0,2,1000,763.67,0,473389,1,0,9,12,3,12800,-49700,34,2,3,2,3,4,4,42,12,1,2,1,3,1,70830,7870,7870,55090,7,17,2005,0
412,56,728600,4583,0,1,500,1042.56,0,616767,1,2,5,19,3,0,-66100,19,0,1,2,3,4,6,362,19,3,1,0,2,0,68040,15120,7560,45360,11,15,1997,0
126,31,889003,2395,2,1,1000,1328.26,0,613921,1,5,11,8,1,42300,-45800,1,2,1,2,3,6,2,177,17,1,1,1,1,0,60840,13520,6760,40560,11,15,2011,0
407,55,193213,2235,2,0,1000,1250.08,5000000,474598,0,6,12,3,5,0,-57700,38,0,3,2,3,6,0,49,0,3,0,2,3,1,68160,11360,11360,45440,5,13,2010,0
101,27,557218,2857,0,2,500,982.7,6000000,440865,0,1,13,18,4,30800,-43700,12,1,0,1,3,4,0,519,9,1,1,1,0,0,5170,940,470,3760,12,9,2001,0
252,46,227244,2499,1,2,2000,1066.7,0,473370,0,3,5,17,3,0,0,29,0,1,2,2,5,3,385,22,3,1,0,2,0,89520,14920,14920,59680,1,4,2014,0
229,43,791425,2699,1,1,2000,1585.54,0,463153,1,2,10,15,1,42600,-44400,56,3,0,1,3,6,2,607,3,1,1,1,0,1,4620,420,840,3360,13,20,2012,0
190,38,601042,6444,2,1,500,1246.03,0,442919,1,3,2,12,4,61900,-50000,27,2,3,2,2,1,5,277,14,1,2,0,0,0,45100,9020,4510,31570,9,26,2013,0
95,32,433663,2520,1,2,2000,1356.64,0,449352,1,5,6,9,1,67800,-48600,53,0,3,2,3,4,6,510,21,3,2,0,3,1,83160,15120,15120,52920,12,9,2003,0
205,42,471938,6581,0,0,2000,1387.7,4000000,470104,0,2,8,16,2,0,0,17,2,2,1,3,6,1,215,19,1,1,2,1,0,86130,15660,15660,54810,3,32,1995,0
41,25,564654,4918,2,0,1000,1004.14,0,459889,1,5,8,17,5,35400,0,45,0,1,0,1,0,2,234,13,3,1,1,3,0,48000,9600,4800,33600,4,30,1995,0
137,35,645723,463,2,2,500,1107.07,0,478868,0,2,10,12,0,0,-45300,34,3,0,1,3,5,2,468,21,1,1,0,0,1,3300,600,600,2100,10,1,2008,0
194,34,573572,505,0,0,500,1429.96,0,463307,0,3,10,2,0,67800,0,11,0,2,1,0,1,3,627,11,3,1,1,2,1,57200,11440,5720,40040,12,9,2005,0
104,30,544225,7493,2,0,500,1052.85,0,607697,0,4,10,16,2,0,-70100,39,3,0,1,3,6,5,219,8,1,1,0,0,1,4800,960,480,3360,2,0,2006,0
163,37,390256,7242,1,2,1000,1200.33,4000000,477631,0,2,2,6,3,0,-36400,36,3,0,1,3,6,6,421,7,1,0,2,1,1,3900,390,780,2730,13,20,2008,1
80,26,488597,4119,0,0,1000,1343.0,0,443625,1,5,5,4,2,64600,0,2,2,1,1,2,4,0,319,12,1,0,0,0,0,90400,9040,9040,72320,2,0,1995,0
179,32,931901,1653,2,0,1000,1433.42,6000000,608328,0,0,10,0,3,53800,0,21,2,2,0,3,0,0,514,4,1,2,1,2,0,54200,5420,10840,37940,9,35,2014,1
372,50,769475,5325,2,2,2000,1368.57,0,474860,0,4,12,13,2,0,0,2,0,3,0,3,1,3,565,18,3,1,2,2,1,51800,5180,10360,36260,0,23,2003,0
213,35,844129,236,2,1,500,871.46,0,477938,1,4,12,12,0,58500,-77700,21,2,3,2,1,4,4,321,13,1,2,2,0,1,74140,13480,6740,53920,5,13,2007,0
232,44,221854,1710,2,1,2000,1181.64,0,454552,1,1,7,8,5,25800,0,38,2,2,0,1,1,3,19,22,1,0,1,1,1,55400,5540,11080,38780,7,17,2002,1
266,42,929306,4786,1,0,500,1093.83,4000000,468454,1,0,0,2,2,0,-49600,51,0,3,0,0,6,6,282,18,3,0,1,1,0,53280,4440,8880,39960,11,19,2015,1
89,32,515457,2517,1,1,1000,988.93,0,614187,0,2,2,9,4,27600,0,22,2,1,2,2,1,1,128,11,1,0,2,3,1,84590,15380,15380,53830,4,27,1999,0
229,37,556270,1851,1,2,1000,1331.94,0,433974,0,5,4,0,1,0,-55400,35,2,2,2,2,1,1,477,17,1,1,0,2,1,54560,9920,9920,34720,10,3,2004,0
245,40,908935,7258,0,2,1000,1361.45,0,604833,1,6,5,4,4,39300,0,45,2,2,1,0,2,3,484,12,1,2,0,2,1,82170,7470,7470,67230,11,15,1999,0
50,44,525862,3917,2,1,2000,1188.51,0,447469,1,1,5,3,4,0,-65800,7,0,1,2,3,1,3,269,15,3,0,1,2,0,61100,6110,12220,42770,4,27,2008,0
230,43,490514,6222,1,2,2000,1101.83,0,451529,1,2,3,6,2,28900,0,0,0,1,1,3,1,0,478,0,3,0,0,3,1,51900,5190,10380,36330,2,22,2011,1
163,36,974522,3652,1,1,1000,1503.21,0,448190,1,4,7,6,0,55700,-49900,58,2,3,2,0,6,6,248,1,1,2,2,1,0,51390,5710,11420,34260,12,11,2013,0
295,46,591269,3269,1,0,500,1672.88,0,478947,0,2,1,7,5,0,0,47,2,2,1,1,1,1,262,5,1,2,1,1,0,60700,12140,6070,42490,6,10,1997,0
286,43,663190,1470,0,0,500,1564.43,3000000,477644,0,4,9,12,4,77500,-32800,30,2,2,1,1,1,4,270,18,1,0,2,2,1,34290,3810,3810,26670,7,17,2013,0
257,44,109392,6010,2,0,1000,1280.88,0,433981,1,4,7,1,2,59400,-32200,36,2,2,2,2,6,5,310,21,1,1,0,1,0,46980,0,5220,41760,0,33,2002,0
94,26,215278,6479,1,0,500,722.66,0,433696,1,4,3,4,0,50300,0,22,0,1,0,1,2,6,46,6,3,2,1,2,1,36700,3670,7340,25690,9,29,2010,0
141,30,681486,6265,1,2,1000,1347.04,0,430665,1,2,11,3,3,0,-82100,21,1,0,1,3,4,3,405,6,1,0,1,2,1,6480,540,1080,4860,6,10,1996,0
130,34,918516,4769,2,1,500,1383.49,3000000,442797,0,5,1,3,2,35100,0,22,0,3,1,3,0,0,491,4,3,0,2,3,1,67500,7500,7500,52500,11,19,1996,0
458,62,533940,7965,0,2,2000,1356.92,5000000,441714,1,0,5,0,5,0,0,56,2,2,0,2,1,0,367,2,1,0,0,1,1,46980,5220,5220,36540,1,5,1998,0
